country_id,country_name,year,credit,edu,fdi,gdp,inflation,infrastructure,inst,pov_190,pov_320,pov_550,pov_line,trade_free,ln_gdp,ln_fdi
12,Algeria,2009,-8.95317181289207,53.6521668996,4854,103445041042.508,-11.1575234514622,33.6099142437,,5.8,23.9,55.1,5.5,68.6,25.362306304198846,8.487558386286548
12,Algeria,2010,-6.62673928209834,56.3670565557,5360,122584225665.032,16.1151893974943,34.5918638703,,5.8,23.9,55.1,5.5,70.7,25.532064187121787,8.586719254064848
12,Algeria,2011,-4.51420148595364,56.7566262307,5084,145301207416.813,18.2309907134128,34.6074307063,,5.8,23.9,55.1,5.5,72.8,25.702074717307895,8.533853632309345
12,Algeria,2012,-2.11148083787523,57.0735542723,5289,151412634474.779,7.45910108561681,34.0072714483,,5.8,23.9,55.1,5.5,72.8,25.743274625424192,8.57338447106598
12,Algeria,2013,3.00354740918094,57.235341228,4625,153934857446.305,-0.0952797184542789,33.9847250063,,0.5,3.9,29.2,5.5,67.8,25.75979534627336,8.439231649946526
12,Algeria,2014,18.0026812961706,58.5154139412,3014,159771676553.289,-0.30103376170365,34.9359174592,,0.5,3.9,29.2,5.5,60.8,25.79701161147336,8.01102337918644
12,Algeria,2015,39.9706846533499,60.7954752566,2698,130925795413.069,-6.45559967143082,36.3579711529,,0.5,3.9,29.2,5.5,60.8,25.59789655242724,7.900266036767701
12,Algeria,2016,54.4161135962435,60.4309401785,2986,133189880133.328,1.54862037434123,38.0329002953,,0.5,3.9,29.2,5.5,60.8,25.61504161719144,8.001689978099135
12,Algeria,2017,67.9889924315502,61.4908101981,3030,134832633155.502,4.69847054099333,40.9556636234,,0.5,3.9,29.2,5.5,63.3,25.627300091849907,8.016317898503415
12,Algeria,2018,75.5115822147356,61.6994811302,3571,,7.55600598713269,41.9155778378,,0.5,3.9,29.2,5.5,63.5,,8.18060094759445
12,Algeria,2019,,61.0117186966,,,,42.4909600429,,0.5,3.9,29.2,5.5,67.4,,
12,Algeria,2020,,,,,,,,,,,,66.2,,
24,Angola,2009,31.3369322605911,25.8809883375,2540,16556570078.0269,-16.7610820511749,20.8965811086,2.4,32.3,55.6,78.1,36.6,72,23.530048843558934,7.8399193600125825
24,Angola,2010,18.9611678819113,25.6996281979,4460,25886631725.5839,31.6891691992944,20.964633547,2.4,30.1,55.7,79.4,36.6,70.4,23.976992522809493,8.40290404501411
24,Angola,2011,15.4976277701566,25.7596037423,5430,36191489624.2349,31.7715427854015,22.3659026154,2.3,30.1,55.7,79.4,36.6,70.2,24.312089834886205,8.599694412927981
24,Angola,2012,13.9477387314036,26.2589111128,846,44936508119.2478,7.25571028111005,22.4012754887,2.3,30.1,55.7,79.4,36.6,65.2,24.5285163997334,6.740519359606223
24,Angola,2013,17.1393879941247,26.3106352507,1214,54993875952.3246,2.83974416372304,23.1002729228,2.3,30.1,55.7,79.4,36.6,70.2,24.73048766965805,7.101675971619444
24,Angola,2014,21.0548651481976,26.76692495,1903,67319475744.8897,3.56082279298968,22.0286051123,,30.1,55.7,79.4,36.6,70.1,24.93271541872963,7.551186867296149
24,Angola,2015,27.3915470639585,26.8229594327,358,65290177866.4597,-3.51839026018669,22.7109673569,,30.1,55.7,79.4,36.6,70.2,24.902107446393956,5.8805329864007
24,Angola,2016,27.3349513337061,26.7850714086,646,56217308967.147,21.7742995129639,23.9613265533,,30.1,55.7,79.4,36.6,70.2,24.75249053516653,6.470799503782602
24,Angola,2017,29.6126302932736,25.7212612459,780,64054513749.1511,22.6145047599887,25.0940585711,,30.1,55.7,79.4,36.6,56.7,24.883000335080123,6.659293919683638
24,Angola,2018,23.5945166616121,25.9042612459,394,,34.8448720732219,26.2118625948,,30.1,55.7,79.4,36.6,59.5,,5.976350909297934
24,Angola,2019,,25.9042612459,,,,26.4004243068,,30.1,55.7,79.4,36.6,61.2,,
24,Angola,2020,,,,,,,,,,,,66.2,,
72,Botswana,2009,-1.11371646754752,50.0369710475,22,7108135151.13423,6.46252578231767,38.8110517593,,29.8,50.2,66.7,30.6,69,22.684505761004907,3.091042453358316
72,Botswana,2010,10.8669478608671,50.6824933708,22,9237589337.96587,8.91999982857715,39.100920060200004,,29.8,50.2,66.7,19.3,73.9,22.946546794401666,3.091042453358316
72,Botswana,2011,7.98389937597219,50.7142927924,22,12365635822.1075,13.9581258665156,38.8111864432,,18.2,37.1,57.5,19.3,75.2,23.23818715771443,3.091042453358316
72,Botswana,2012,15.0065924380379,50.6868223389,63,11486948334.7266,0.193771800794764,38.5606705444,,18.2,37.1,57.5,19.3,79.7,23.164477300382718,4.143134726391533
72,Botswana,2013,12.937424620751,52.9054572973,46,11198258963.6051,2.30911911105997,38.8993246126,,18.2,37.1,57.5,19.3,79.7,23.139024153485792,3.828641396489095
72,Botswana,2014,8.296003655485,57.27346029,39,12362689031.9011,11.9038630984021,39.4338601043,,18.2,37.1,57.5,19.3,82.7,23.23794882452868,3.6635616461296463
72,Botswana,2015,12.4143185155645,54.3973043072,13,11161876658.5122,1.86533649350496,40.8493305954,,18.2,37.1,57.5,19.3,72.2,23.135769939127268,2.5649493574615367
72,Botswana,2016,16.061241061198,55.218132732,,11830611346.33,11.9532043641136,43.8013333603,,18.2,37.1,57.5,19.3,84,23.193956191228683,
72,Botswana,2017,17.0528309672941,54.6583814505,,13119551415.5023,2.60892049281654,43.7417632045,,16.1,38.5,60.4,19.3,83.8,23.29736942898624,
72,Botswana,2018,19.7694317075499,54.6852171636,-11,,0.927813749299574,45.7622804575,,16.1,38.5,60.4,19.3,83.9,,NaN
72,Botswana,2019,,54.1249529541,,,,45.7080591181,,16.1,38.5,60.4,19.3,83.8,,
72,Botswana,2020,,,,,,,,,,,,82.8,,
108,Burundi,2009,22.7293339885896,24.4845341934,0.1,1004876299.16263,10.4587948547095,24.1816967747,2.6,77.7,92.9,98.3,67.1,63,20.7281302854715,-2.3025850929940455
108,Burundi,2010,26.6433417684674,24.3350781693,0.1,1293093262.00764,8.56155174707402,24.146152072,2.6,77.7,92.9,98.3,67.1,68.6,20.980303062524516,-2.3025850929940455
108,Burundi,2011,29.6111343221965,25.8198088287,0.1,1396141671.24248,8.3642475860606,23.99969361,2.7,77.7,92.9,98.3,67.1,78.8,21.056978319835522,-2.3025850929940455
108,Burundi,2012,28.834230096173,26.5179194764,0.1,1650700406.40178,14.2924396823893,23.5300257187,2.7,77.7,92.9,98.3,67.1,78.9,21.2244655235174,-2.3025850929940455
108,Burundi,2013,27.2273757377049,27.6166922791,0.1,1743136674.28878,7.95545917610913,23.8214752921,2.7,77.7,92.9,98.3,67.1,78.9,21.278952013656713,-2.3025850929940455
108,Burundi,2014,29.3650560012081,29.7271154904,1,1930721791.27019,5.3048535699795,23.2163238282,2.8,77.7,92.9,98.3,64.9,71.8,21.381159755062292,0
108,Burundi,2015,30.4527548607082,31.2541114265,1,2262303572.5431,21.3340425387921,22.9435482381,2.5,71.8,89.3,96.8,64.9,72.2,21.539649411003907,0
108,Burundi,2016,35.6828907551631,31.679673981,1,2121677919.25313,0.960470190066005,23.6708465834,2.4,71.8,89.3,96.8,64.9,74.2,21.47547308392787,0
108,Burundi,2017,36.2037298352545,31.9623988575,1,2297326308.24925,11.4491729184542,25.193711080900002,2.3,71.8,89.3,96.8,64.9,74.2,21.5550118090095,0
108,Burundi,2018,43.4501360701895,31.0383752255,1,,-2.85085706573125,25.3279759334,2.3,71.8,89.3,96.8,64.9,69.2,,0
108,Burundi,2019,,30.2523752255,,,,25.4356637922,,71.8,89.3,96.8,64.9,68.2,,
108,Burundi,2020,,,,,,,,,,,,68.2,,
120,Cameroon,2009,7.05071456083966,39.1092370237,185,21966105152.359,1.64518186849207,23.3576417663,2.9,29.3,55.7,79.6,39.9,56,23.81276642735196,5.220355825078324
120,Cameroon,2010,9.28594288482188,39.1391439863,194,21558453450.0555,1.90982778777365,24.6055181437,2.9,29.3,55.7,79.6,39.9,59.7,23.794033848042123,5.267858159063328
120,Cameroon,2011,12.0688017363692,39.4832351639,192,23901495833.8075,2.6702325424006,24.6524135145,2.9,29.3,55.7,79.6,39.9,59.6,23.897206881113977,5.2574953720277815
120,Cameroon,2012,13.0563813397275,39.8909747302,60,23437699811.2816,2.67090003248194,24.712828089,2.9,29.3,55.7,79.6,39.9,54.9,23.87761166592205,4.0943445622221
120,Cameroon,2013,14.1520141065046,40.6611347012,82,26135754938.944,2.04115485814003,24.159353217,2.9,29.3,55.7,79.6,39.9,54.9,23.98657013482167,4.406719247264253
120,Cameroon,2014,14.9133339638689,41.2865665915,45,28921906796.984,2.09607493861301,24.6144046776,2.9,29.3,55.7,79.6,39.9,61.2,24.087865165569127,3.8066624897703196
120,Cameroon,2015,13.9433893150277,41.6660360085,56,25982140708.5662,0.179147100009175,24.3065470816,2.9,29.3,55.7,79.6,37.5,59.6,23.98067524312249,4.02535169073515
120,Cameroon,2016,18.3797196957659,41.813636426,19,27449551085.5287,1.09463961635907,26.065419513,3,23.8,44.7,68.9,37.5,61.6,24.035615650871275,2.9444389791664403
120,Cameroon,2017,16.5608071835396,42.3999951364,9,29052423887.784,1.48247132247063,27.6103841095,3,23.8,44.7,68.9,37.5,53.4,24.09236775524147,2.1972245773362196
120,Cameroon,2018,19.1808910084913,42.4399038789,14,,1.59928885997273,28.0880187133,3,23.8,44.7,68.9,37.5,53.4,,2.6390573296152584
120,Cameroon,2019,,42.2322287443,,,,28.3802084132,,23.8,44.7,68.9,37.5,53.4,,
120,Cameroon,2020,,,,,,,,,,,,59.6,,
132,Cabo Verde,2009,73.0004826173334,53.178313073,0,1333062266.05074,2.17462112276409,33.2082902847,4,8.1,26.5,53.1,46,65.4,21.010744588267908,-Inf
132,Cabo Verde,2010,76.1279747539408,53.1028309681,0,1258386478.31709,0.505086041911255,34.1530516243,4,8.1,26.5,53.1,46,65.5,20.953096164511617,-Inf
132,Cabo Verde,2011,82.1463793365803,53.0702922028,0,1418034190.4699,2.67641090615125,35.4513460995,4,8.1,26.5,53.1,46,67.6,21.072537376521588,-Inf
132,Cabo Verde,2012,83.1509266711741,53.2359667752,0,1305583537.50255,0.552996041071836,36.3630036599,4,8.1,26.5,53.1,46,66.9,20.98991593295135,-Inf
132,Cabo Verde,2013,84.0530254985142,53.6574614581,,1344292597.16639,1.42841089006069,37.013992751,4.1,8.1,26.5,53.1,46,66.9,21.019133761577802,
132,Cabo Verde,2014,85.1994805797629,53.8491900374,0,1371092757.76126,-0.146774193924387,37.5978962731,4,8.1,26.5,53.1,46,69.6,21.038873892248358,-Inf
132,Cabo Verde,2015,84.5254845957134,54.1699593722,0,1189856702.90654,1.73626616382883,37.8981433175,4,8.1,26.5,53.1,46,69.6,20.897098719093457,-Inf
132,Cabo Verde,2016,83.7137394047656,54.6086512674,0,1231009889.68353,-0.231686837121686,38.2193933773,3.8,8.1,26.5,53.1,35,68.2,20.931100717977976,-Inf
132,Cabo Verde,2017,85.9560840251766,53.9454857158,0,1306335322.78554,0.68514844716961,38.3635839646,3.9,8.1,26.5,53.1,35,68.2,20.990491590423094,-Inf
132,Cabo Verde,2018,82.9641046385789,53.2495890516,0,,1.52558228465196,38.2133498892,4,8.1,26.5,53.1,35,68.2,,-Inf
132,Cabo Verde,2019,,52.9926469064,,,,38.5394626585,,8.1,26.5,53.1,35,68.2,,
132,Cabo Verde,2020,,,,,,,,,,,,68.2,,
140,Central African Republic,2009,19.2469010856999,18.984592078,0.1,1802881097.79491,0.711628390754186,21.8315559542,2.4,64.8,85.1,95.3,62,50.4,21.312651832123844,-2.3025850929940455
140,Central African Republic,2010,21.0211462238078,19.071440033,0.1,1805740056.03823,4.21130931097511,21.835198815,2.5,66.3,83.1,92.8,62,58.1,21.31423634804813,-2.3025850929940455
140,Central African Republic,2011,22.9395872211236,19.3719677665,,1975802176.16602,4.00911505710052,20.8667960734,2.6,66.3,83.1,92.8,62,58.1,21.40424031798411,
140,Central African Republic,2012,22.8506485450166,19.4913722165,,1908940023.78216,6.18103617692616,21.2152112376,2.4,66.3,83.1,92.8,62,57.8,21.369813963586296,
140,Central African Republic,2013,33.3301813507163,19.9230264676,,1240971375.28318,2.48748677760067,21.2251348384,2.2,66.3,83.1,92.8,62,57.8,20.9391602770553,
140,Central African Republic,2014,30.6253460427671,19.3704402607,,1415700301.62608,11.8938033016777,21.2592578698,2.2,66.3,83.1,92.8,62,51.8,21.07089015842261,
140,Central African Republic,2015,30.8417581628419,19.4178540538,,1280930452.98224,2.70826310785279,21.2791002734,2.2,66.3,83.1,92.8,62,52.4,20.97085256719456,
140,Central African Republic,2016,29.3262420528221,19.4178540538,,1374561691.89182,2.98011408445535,21.3450174924,2.2,66.3,83.1,92.8,62,52.2,21.041400747713915,
140,Central African Republic,2017,26.5718958484997,19.4178540538,,1484502400.49942,6.44370628779525,20.8834179754,2.3,66.3,83.1,92.8,62,55.2,21.118345469209167,
140,Central African Republic,2018,30.0751032517722,18.5127028834,,,-1.22411715845705,20.8925191909,2.4,66.3,83.1,92.8,62,57.2,,
140,Central African Republic,2019,,19.0797028834,,,,20.9085642114,,66.3,83.1,92.8,62,51,,
140,Central African Republic,2020,,,,,,,,,,,,47.2,,
148,Chad,2009,7.18479124639487,15.6371997494,,7040951143.86368,-9.55875447756326,16.1677082919,2.2,62.9,85.6,96,54.8,58.4,22.67500910365287,
148,Chad,2010,7.64601201368811,15.6573713461,,8013344785.92283,6.39119505130665,16.1058859525,2.2,62.9,85.6,96,54.8,58.4,22.804374087135987,
148,Chad,2011,6.09452226237707,16.0788034724,,8756321342.9883,8.58039895814795,15.8430865428,2.2,62.9,85.6,96,54.8,55.6,22.893041715681015,
148,Chad,2012,5.5046411129706,16.2381788691,,9153027123.94063,1.09724571223184,16.4228572033,2.2,62.9,85.6,96,46.7,55.6,22.937350494738155,
148,Chad,2013,7.27387426759362,16.6012699821,,9799041390.69689,-4.14136740417744,16.6700508238,2.4,38.4,66.5,86.2,46.7,55.6,23.005550400562687,
148,Chad,2014,11.0474309333993,18.9124121736,,10643916897.8481,0.645785332472741,15.5180761027,2.6,38.4,66.5,86.2,46.7,55.2,23.088254382613872,
148,Chad,2015,17.6645659561322,18.9807443377,,8867704255.75619,-8.48001725832678,15.1483513667,2.7,38.4,66.5,86.2,46.7,55.2,22.90568177854538,
148,Chad,2016,24.8270053475936,18.9143939538,,8300660904.54911,-1.40083927949904,16.6482110597,2.7,38.4,66.5,86.2,46.7,49.8,22.839600975633008,
148,Chad,2017,25.2485686384911,17.9711393358,,7631261127.73843,0.0282519135155042,17.4239621479,2.7,38.4,66.5,86.2,46.7,54.7,22.75551895400253,
148,Chad,2018,22.5392370178494,17.9711393358,,,5.10887237434432,18.5177251229,2.6,38.4,66.5,86.2,46.7,52.2,,
148,Chad,2019,,18.62200765,,,,17.8070997478,,38.4,66.5,86.2,46.7,47.2,,
148,Chad,2020,,,,,,,,,,,,47.2,,
174,Comoros,2009,11.6405386121184,29.7606474961,0.1,795305262.641496,1.0257970962154,25.8943032077,2.4,13.5,33.8,61.6,42.4,27.2,20.49423657708326,-2.3025850929940455
174,Comoros,2010,12.9706116054821,29.8948566547,0.1,808628081.386143,1.65343951683698,26.0326566559,2.4,13.5,33.8,61.6,42.4,62.4,20.510849642970282,-2.3025850929940455
174,Comoros,2011,12.6784346822808,29.9500952557,0.1,921457870.132083,3.08890642468087,26.107683639,2.4,13.5,33.8,61.6,42.4,62.4,20.641467615235836,-2.3025850929940455
174,Comoros,2012,12.6817059974413,30.9829676376,0.1,923554936.971398,4.23828910854473,26.3683627461,2.5,13.5,33.8,61.6,42.4,69.4,20.64374084362135,-2.3025850929940455
174,Comoros,2013,14.437064426464,31.0735955666,0.1,1023382067.77393,1.71941431991975,26.101293037,2.4,13.5,33.8,61.6,42.4,68.8,20.74637873197531,-2.3025850929940455
174,Comoros,2014,15.8617256027164,32.5116866523,0.1,1057340775.88311,0.841613609053212,25.9711735927,2.4,13.5,33.8,61.6,42.4,72.7,20.77902289100763,-2.3025850929940455
174,Comoros,2015,15.0384276377018,32.1724921839,0.1,915238517.168563,-0.492155633152166,26.139832418,2.6,17.9,37.5,62.7,42.4,73,20.634695263771263,-2.3025850929940455
174,Comoros,2016,19.0618780548406,32.1724921839,0.1,956273334.758902,1.71475697388568,26.442195505,2.7,17.9,37.5,62.7,42.4,72,20.678554345169537,-2.3025850929940455
174,Comoros,2017,18.2264287712253,32.1724921839,0.1,1004866701.34254,0.402552901358931,26.9098720089,2.6,17.9,37.5,62.7,42.4,70.2,20.72812073418053,-2.3025850929940455
174,Comoros,2018,18.2725949197161,31.5908521262,0.1,,1.16280654817258,27.2183544068,2.6,17.9,37.5,62.7,42.4,74.9,,-2.3025850929940455
174,Comoros,2019,,31.5848521262,,,,27.2578819601,,17.9,37.5,62.7,42.4,70,,
174,Comoros,2020,,,,,,,,,,,,59.2,,
178,Congo (Brazzaville),2009,-14.3611489519611,37.9302704048,277,2420417018.27412,-20.6272546520232,24.533408669,2.6,53.4,75.2,89.4,50.7,55.4,21.60720568387022,5.6240175061873385
178,Congo (Brazzaville),2010,-14.3415914677546,38.0051052669,214,2103321031.29076,20.7220751924665,24.6127473424,2.6,53.4,75.2,89.4,50.7,61,21.46678337598267,5.365976015021851
178,Congo (Brazzaville),2011,-16.1342920586371,39.5851448739,-198,1536106217.61054,10.6702867663009,24.4808012789,2.6,53.4,75.2,89.4,50.7,61,21.15251662137119,NaN
178,Congo (Brazzaville),2012,-8.93305326084061,39.7263627211,,2320496908.73128,-1.16993793055299,24.7022064783,2.5,53.4,75.2,89.4,46.5,60.7,21.565047184488307,
178,Congo (Brazzaville),2013,-7.2359804764323,40.4417151156,-191,3843535239.83075,-3.65824354677082,25.1091058604,2.5,37,61.3,82.4,46.5,60.7,22.069658415393814,NaN
178,Congo (Brazzaville),2014,0.814504465201558,40.6470803178,-64,4972737584.7074,-5.66896380101346,24.8193968308,2.5,37,61.3,82.4,46.5,55.6,22.32723634728098,NaN
178,Congo (Brazzaville),2015,21.5253187590079,40.7160458351,17,5378578778.57039,-29.691066581118,24.7727926616,2.5,37,61.3,82.4,46.5,62.4,22.405690008669737,2.833213344056216
178,Congo (Brazzaville),2016,33.6919772794967,40.7160458351,231,5356244483.2452,8.97313567101992,25.4882647924,2.5,37,61.3,82.4,46.5,52,22.401528910343945,5.442417710521793
178,Congo (Brazzaville),2017,36.3083316880553,40.7160458351,230,3500681832.28129,-2.45027400887945,25.8559275473,2.5,37,61.3,82.4,46.5,52.2,21.97622359569215,5.438079308923196
178,Congo (Brazzaville),2018,28.7881973350379,40.5310220256,,,22.2355102596929,26.2554326052,2.5,37,61.3,82.4,46.5,61.9,,
178,Congo (Brazzaville),2019,,40.8175220256,,,,26.6690051669,,37,61.3,82.4,46.5,56.8,,
178,Congo (Brazzaville),2020,,,,,,,,,,,,56.8,,
180,Congo (Kinshasa),2009,5.11507163597929,31.6487755093,,12662745105.9362,32.6579291460805,15.9369371059,2.2,94.1,98.5,99.7,69.3,62.2,23.2619300631699,
180,Congo (Kinshasa),2010,0.799765488629961,31.7559834478,,15637667797.5159,20.7863251497773,15.965323782,2.2,94.1,98.5,99.7,69.3,61.7,23.47294844313852,
180,Congo (Kinshasa),2011,7.90456051713655,31.8120179305,,17779790965.4315,13.7916601072725,16.554534035,2.2,94.1,98.5,99.7,69.3,63,23.60132831023817,
180,Congo (Kinshasa),2012,6.53009450969472,31.9345156631,,20016616440.8044,5.93999221220365,16.4792444333,2.2,94.1,98.5,99.7,69.3,63,23.719828587599036,
180,Congo (Kinshasa),2013,7.27693634068515,33.0701381049,,20861943692.5787,2.77129141782859,16.5199411635,2.4,94.1,98.5,99.7,63.9,63,23.76119246015421,
180,Congo (Kinshasa),2014,7.91369410622385,32.9466715189,,23226761186.039,0.993630667020781,15.999698373,2.5,76.6,91,97.7,63.9,63,23.868570950247637,
180,Congo (Kinshasa),2015,8.99479279396697,33.0070163465,,26385631287.1844,-1.15589772144564,15.896987591,2.5,76.6,91,97.7,63.9,63,23.99608542950548,
180,Congo (Kinshasa),2016,11.604461519913,31.8265185687,75,28552802600.8437,4.34924913453844,15.5712918972,2.5,76.6,91,97.7,63.9,61,24.075020932883614,4.31748811353631
180,Congo (Kinshasa),2017,8.31551503888228,31.970045295,76,28245843846.8747,43.068659773922,16.3699003795,2.5,76.6,91,97.7,63.9,64.6,24.06421216325097,4.330733340286331
180,Congo (Kinshasa),2018,8.37321422512246,31.8060214855,80,,30.1381328046236,17.6593120588,2.5,76.6,91,97.7,63.9,64.6,,4.382026634673881
180,Congo (Kinshasa),2019,,31.8750214855,,,,18.2087102085,,76.6,91,97.7,63.9,62.6,,
180,Congo (Kinshasa),2020,,,,,,,,,,,,64.6,,
204,Benin,2009,19.0101410859837,30.2741292746,18,5982247042.79303,2.53020605021086,27.6280851448,3.3,48.8,78.3,93,33,67.4,22.512062093993354,2.8903717578961645
204,Benin,2010,18.6292371169474,30.3484911332,18,5862986055.78845,0.884971820845109,28.0986522382,3.3,48.8,78.3,93,33,57,22.491924876584957,2.8903717578961645
204,Benin,2011,21.7661835151617,30.7020581738,18,6595986476.98556,3.73387752539995,27.9858794059,3.3,48.8,78.3,93,35.2,58.8,22.609727191457544,2.8903717578961645
204,Benin,2012,20.0090459120145,30.6657927502,18,6831875771.67194,7.69269660821384,27.5342141891,3.3,48.8,78.3,93,36.2,59.3,22.644865109964073,2.8903717578961645
204,Benin,2013,20.9659260719916,32.5374689741,18,7662100269.38289,1.40667989004544,28.2430695174,3.3,53.1,76.7,90,36.2,59.3,22.759551969720146,2.8903717578961645
204,Benin,2014,22.756555601985202,32.3071146145,2,8117977829.41299,-0.248640138745643,28.3080994675,3.3,53.1,76.7,90,36.2,60,22.81734692431886,0.6931471805599453
204,Benin,2015,22.9208587550498,33.0082552152,2,6896209255.9265,0.0757471376386718,28.1454927012,3.3,53.1,76.7,90,36.2,58.4,22.654237714384323,0.6931471805599453
204,Benin,2016,26.4118693108681,33.7857525191,2,7141863203.78758,-0.279995285501528,28.9593501056,3.3,53.1,76.7,90,40.1,58.8,22.68923953216704,0.6931471805599453
204,Benin,2017,28.3664938312284,33.2058555622,2,7674482533.80212,0.0317074176629149,31.4123657428,3.3,49.5,76.2,90.6,40.1,68.7,22.761166705840772,0.6931471805599453
204,Benin,2018,26.9585214712877,31.288204408,2,,-0.00583222754814017,32.409195958,3.3,49.5,76.2,90.6,40.1,55.6,,0.6931471805599453
204,Benin,2019,,31.2119824448,,,,32.2034237225,,49.5,76.2,90.6,40.1,61.8,,
204,Benin,2020,,,,,,,,,,,,49.4,,
226,Equatorial Guinea,2009,-9.72778860638065,42.8494638317,2065,4473050735.90049,-20.8302309584088,36.8896425137,,7.194158692288966,12.49168040167126,21.68568814046429,76.8,59.4,22.22133650403355,7.632885505395133
226,Equatorial Guinea,2010,1.06788740200585,42.7764263074,1978,2523092818.60357,24.9065341802403,36.9472405764,,7.194158692288966,12.49168040167126,21.68568814046429,76.8,58.9,21.64875129491142,7.589841512182657
226,Equatorial Guinea,2011,-2.80990272914606,42.6496899829,1984,4275788721.23126,17.0451065710099,36.9567493332,,7.194158692288966,12.49168040167126,21.68568814046429,76.8,58.9,22.17623441851225,7.592870287844818
226,Equatorial Guinea,2012,-2.73306241514487,42.7333750451,3107,4552599415.61013,4.85478204287924,37.3080629088,,7.194158692288966,12.49168040167126,21.68568814046429,76.8,58.8,22.238964206913572,8.041412909393047
226,Equatorial Guinea,2013,-2.49094116417467,42.9027559565,3978,6093792004.46002,-1.07267375706822,37.6486999179,,7.194158692288966,12.49168040167126,21.68568814046429,76.8,58.8,22.53053638572627,8.288534459413917
226,Equatorial Guinea,2014,3.3488411304073,42.9717214737,,6392086699.26981,-1.27384264682834,38.2563160715,,7.194158692288966,12.49168040167126,21.68568814046429,76.8,53.8,22.57832660903395,
226,Equatorial Guinea,2015,12.0303075395553,43.0363766462,579,6261499466.84771,-20.1927503678985,38.770418227,,7.194158692288966,12.49168040167126,21.68568814046429,76.8,53.8,22.557685524820663,6.361302477572996
226,Equatorial Guinea,2016,21.0545540850892,42.693508825,508,5927048902.66594,-6.28542211126992,38.9440119505,,7.194158692288966,12.49168040167126,21.68568814046429,76.8,53.8,22.502792270547488,6.230481447578482
226,Equatorial Guinea,2017,21.4574769736639,42.693508825,654,5914982754.45909,12.6685974408233,38.7269085924,,7.194158692288966,12.49168040167126,21.68568814046429,76.8,53.8,22.50075441881192,6.483107351457199
226,Equatorial Guinea,2018,20.5747240991407,42.719008825,908,,11.1637531624801,38.417682457,,7.194158692288966,12.49168040167126,21.68568814046429,76.8,53.8,,6.811244378601294
226,Equatorial Guinea,2019,,42.944008825,,,,38.3914080991,,7.194158692288966,12.49168040167126,21.68568814046429,76.8,48.8,,
226,Equatorial Guinea,2020,,,,,,,,,,,,48.8,,
231,Ethiopia,2009,,28.4331622272,3,24487528352.7359,24.1464152909465,24.4097174651,3.2,37.2,78.7,95.6,38.7,68.6,23.921429778061665,1.0986122886681098
231,Ethiopia,2010,,28.4302843392,6,22705548248.9065,1.44457231740671,25.3126313572,3.2,37.2,78.7,95.6,38.7,61.9,23.84587514782037,1.791759469228055
231,Ethiopia,2011,,28.5586357594,9,23733488410.2437,20.061875081957,24.8965917756,3.3,37.2,78.7,95.6,29.6,65.6,23.890152900814364,2.1972245773362196
231,Ethiopia,2012,,29.0927314626,11,32532711571.8901,33.5414050179965,23.8814225046,3.4,33.5,73.1,93.1,29.6,65.6,24.205511929994948,2.3978952727983707
231,Ethiopia,2013,,29.7744000833,10,35666867798.0479,4.90197929907839,24.3855646502,3.4,33.5,73.1,93.1,29.6,64,24.29748802192191,2.302585092994046
231,Ethiopia,2014,,29.4516931867,,41825749119.0021,10.9817882908686,24.2702331844,3.5,33.5,73.1,93.1,29.6,64.2,24.456777994453933,
231,Ethiopia,2015,,29.1204765094,,48266874541.5208,10.8365427789744,24.6765455796,3.5,33.5,73.1,93.1,29.6,64.4,24.600011335020106,
231,Ethiopia,2016,,31.7529504155,,54412916205.5612,10.3979255406466,26.5203667885,3.5,33.5,73.1,93.1,23.5,65,24.719867392875493,
231,Ethiopia,2017,,32.2104504155,,59545264584.1675,6.72211767725166,27.624553511,3.5,27.3,62.2,85,23.5,65.1,24.81000260958865,
231,Ethiopia,2018,,35.2849422155,,,12.5178666948172,28.3089220257,3.5,27.3,62.2,85,23.5,60.7,,
231,Ethiopia,2019,,35.5804422155,,,,28.1342958638,,27.3,62.2,85,23.5,60.8,,
231,Ethiopia,2020,,,,,,,,,,,,60.8,,
232,Eritrea,2009,113.124963369401,28.1651624065,7,1625833040.14457,29.5045071013613,24.6943008933,2.7,27.11958222162588,57.61454857485461,83.4827343642898,69,69.2,21.20928616146204,1.9459101490553132
232,Eritrea,2010,114.361658306334,28.4381810289,7,1864205078.25436,11.5737574127895,24.6755373439,2.7,27.11958222162588,57.61454857485461,83.4827343642898,69,69.1,21.346100567680722,1.9459101490553132
232,Eritrea,2011,103.95251464885,28.4657734398,7,1948236576.57929,13.3408505971595,24.3730716511,2.6,27.11958222162588,57.61454857485461,83.4827343642898,69,69.1,21.390190480675393,1.9459101490553132
232,Eritrea,2012,,28.0434997254,7,,,24.2623985346,2.6,27.11958222162588,57.61454857485461,83.4827343642898,69,69.1,,1.9459101490553132
232,Eritrea,2013,,28.4037042709,7,,,23.9510532281,2.6,27.11958222162588,57.61454857485461,83.4827343642898,69,69.1,,1.9459101490553132
232,Eritrea,2014,,28.1689089581,-2,,,24.4705988533,2.6,27.11958222162588,57.61454857485461,83.4827343642898,69,69.1,,NaN
232,Eritrea,2015,,27.9587062554,-2,,,24.754146903,2.5,27.11958222162588,57.61454857485461,83.4827343642898,69,69.2,,NaN
232,Eritrea,2016,,26.3030775784,-2,,,22.3737151372,2.5,27.11958222162588,57.61454857485461,83.4827343642898,69,69.2,,NaN
232,Eritrea,2017,,26.6707336437,-2,,,22.4841984812,2.5,27.11958222162588,57.61454857485461,83.4827343642898,69,69.2,,NaN
232,Eritrea,2018,,26.3917779007,-2,,,22.5811922785,2.6,27.11958222162588,57.61454857485461,83.4827343642898,69,69.2,,NaN
232,Eritrea,2019,,25.5877779007,,,,22.6855830373,,27.11958222162588,57.61454857485461,83.4827343642898,69,69.2,,
232,Eritrea,2020,,,,,,,,,,,,69.2,,
262,Djibouti,2009,31.9563666385982,27.8042802227,0.1,,,31.4058797857,2.8,20.6,47.8,77.1,21.1,31.8,,-2.3025850929940455
262,Djibouti,2010,35.6720178216554,29.2130464577,0.1,,,31.8014131284,2.8,20.6,47.8,77.1,21.1,31.9,,-2.3025850929940455
262,Djibouti,2011,34.0958379139641,29.2566787926,0.1,,,32.1909536228,2.8,20.6,47.8,77.1,21.1,59.6,,-2.3025850929940455
262,Djibouti,2012,35.436938690355,30.7118359155,0.1,,,33.2957357576,2.6,20.6,47.8,77.1,21.1,59.6,,-2.3025850929940455
262,Djibouti,2013,24.0049463614817,31.5877926198,,1046419235.93787,,33.9439443239,2.7,20.6,47.8,77.1,21.1,59.6,20.76863992146639,
262,Djibouti,2014,23.6975668392819,31.5012822411,,1150863937.78236,1.33176877030211,33.854965861,2.7,18.3,38.7,68.6,21.1,54.8,20.863778747519884,
262,Djibouti,2015,23.9389627721007,31.4976416454,,1289262799.77902,2.4799020931936,34.1662649052,2.7,22.7,44.6,75,21.1,54.8,20.977336418927518,
262,Djibouti,2016,23.2831099856452,31.9900430518,,1365240532.82,0.149550135815105,34.976396563,2.7,22.7,44.6,75,21.1,54.6,21.034596464579526,
262,Djibouti,2017,23.3057576661228,31.6894230174,,1384524738.22481,0.557407623226595,36.8061359985,2.7,22.7,44.6,75,21.1,54.9,21.048622768400357,
262,Djibouti,2018,24.7708051322524,33.1189667788,,,1.30118592662187,37.0027372434,3,22.7,44.6,75,21.1,54.9,,
262,Djibouti,2019,,34.4409917498,,,,39.2966960888,,17.1,40.2,70.6,21.1,50.4,,
262,Djibouti,2020,,,,,,,,,,,,49.8,,
266,Gabon,2009,7.8957618519103,53.3048696916,-78,7078337044.86685,-18.0745351045978,28.9056985061,,8,25.8,56.1,32.7,57,22.680304836394733,NaN
266,Gabon,2010,10.4813957281306,53.3652145192,586,7448798476.61156,16.5643202141088,29.0049754894,,8,25.8,56.1,32.7,62.1,22.731318578023963,6.373319789577012
266,Gabon,2011,11.4532838160502,53.4255593467,63,8757887492.08159,12.68122777311,29.2100039793,,8,25.8,56.1,32.7,61,22.893220558940477,4.143134726391533
266,Gabon,2012,14.1036276619963,53.4815938295,155,8989536422.35559,-2.9419027036061,30.0539989008,,8,25.8,56.1,32.7,61.1,22.919327118177748,5.043425116919247
266,Gabon,2013,12.8604328647543,53.7341962736,143,9915846920.9359,-6.15792493444489,31.1289494995,,8,25.8,56.1,32.7,61.1,23.017400013418094,4.962844630259907
266,Gabon,2014,13.824696340789,55.2450411012,-64,11719549336.2295,-0.851390333321476,32.5964194981,,8,25.8,56.1,32.7,61,23.184524167815816,NaN
266,Gabon,2015,16.8800551326356,55.3053859288,-145,10137790813.9315,-8.92717245327955,32.5998377521,,8,25.8,56.1,32.7,61,23.0395359429241,NaN
266,Gabon,2016,23.1868051162682,55.3053859288,-165,10014470001.7667,-4.26975397974573,33.2433069429,,8,25.8,56.1,32.7,61.8,23.02729688422119,NaN
266,Gabon,2017,18.3590142879194,55.3053859288,-251,10341546143.5841,3.81294518597188,35.313241473,,8,25.8,56.1,32.7,61.8,23.05943522517543,NaN
266,Gabon,2018,23.3579397293722,55.1428859288,,,7.14685932251797,39.8239445644,,8,25.8,56.1,33.4,60.9,,
266,Gabon,2019,,55.1428859288,,,,39.9552652005,,3.4,11.2,32.2,33.4,51.2,,
266,Gabon,2020,,,,,,,,,,,,51.2,,
270,Gambia,2009,19.3604991733488,32.6068175111,0,646959058.626094,4.51330535299645,29.8781517612,2.9,45.3,69.6,86.8,48.6,59.6,20.28779357167797,-Inf
270,Gambia,2010,24.0307430552864,32.6456106145,0,686160082.421869,5.64433086097334,30.3426649322,3,45.3,69.6,86.8,48.6,60.6,20.346621514766912,-Inf
270,Gambia,2011,27.9325491199724,32.8100600868,0,608908848.551991,4.5721235036915,30.045274727,3.2,45.3,69.6,86.8,48.6,60.4,20.227179140501445,-Inf
270,Gambia,2012,28.4461138796321,33.3478418147,0,600742603.020892,3.84516021372072,30.3463721306,3,25.1,53,80.4,48.6,60.5,20.21367711959767,-Inf
270,Gambia,2013,32.461968202288,34.031956823,0,963760816.475727,5.93313138058191,30.9073642402,3,25.1,53,80.4,48.6,60.5,20.68635370609995,-Inf
270,Gambia,2014,37.1528787108834,34.1799788078,0,891040238.112111,5.21172310682789,30.5110275113,3,25.1,53,80.4,48.6,65,20.607900145035025,-Inf
270,Gambia,2015,,34.4988502107,0,983345175.452989,9.72036242675256,30.4977157434,2.9,25.1,53,80.4,48.6,65,20.706470761391063,-Inf
270,Gambia,2016,,35.1975532934,0,1003229371.85841,7.82062274860978,30.3589808691,2.9,25.1,53,80.4,48.6,65,20.726490005582605,-Inf
270,Gambia,2017,37.7158179361733,35.1499730934,0,1066613547.81874,3.92171862000134,31.1332466753,2.9,10.1,37.8,72.5,48.6,65,20.787754557924043,-Inf
270,Gambia,2018,37.3802365447916,36.3669748052,0,,5.20261483114773,31.4788153071,3,10.1,37.8,72.5,48.6,64.7,,-Inf
270,Gambia,2019,,37.4934553575,,,,31.6365118653,,10.1,37.8,72.5,48.6,61.6,,
270,Gambia,2020,,,,,,,,,,,,64.6,,
288,Ghana,2009,28.7003531299048,43.9276387127,1518,19975537867.8062,15.666568680954,33.3141962815,3.8,24.5,50.1,77.1,31.9,63,23.717774255285345,7.325148957955575
288,Ghana,2010,28.3704394197001,43.818292277,2874,24263146696.4536,16.5956447875212,33.6889961586,3.7,24.5,50.1,77.1,31.9,65.3,23.912224439242063,7.96346006663897
288,Ghana,2011,27.4801772404307,43.8786371045,3169,27873481795.6991,13.9148221260358,34.2011551406,3.7,24.5,50.1,77.1,31.9,67.8,24.050941600515152,8.06117135969092
288,Ghana,2012,31.3356656963193,45.4099789352,3567,27929864087.1218,15.2052787414564,34.1162014819,3.7,24.5,50.1,77.1,31.9,67.8,24.0529623506948,8.17948018535889
288,Ghana,2013,26.3828980494824,47.8707687117,3140,45767229516.4852,52.9889816520613,34.8190732294,3.7,24.5,50.1,77.1,24.2,67.8,24.54683415922464,8.0519780789023
288,Ghana,2014,27.8612455470982,48.5221429677,2848,36571877102.512,22.1640000184544,34.3183693495,3.4,12,32.5,60.5,24.2,64.8,24.322545396817265,7.954372272531867
288,Ghana,2015,27.1913541370752,49.1824440616,1735,33846232219.6021,13.5884020388053,35.0079379079,3.7,12,32.5,60.5,24.2,64.8,24.245093521973654,7.45876269238096
288,Ghana,2016,26.6780761307392,48.9360789896,1982,37410079421.4961,15.2493807198542,37.6151953867,3.6,12,32.5,60.5,24.2,65,24.34520600830598,7.591861714889934
288,Ghana,2017,24.503816998877,49.6284974543,1698,37112618582.1576,10.3527524141569,37.8293055066,3.6,12,32.5,60.5,23.4,65.1,24.337222872239202,7.437206366871292
288,Ghana,2018,26.0670475863591,49.5847655099,1661,,10.2102029177803,37.9990824297,3.6,13.3,30.5,56.9,23.4,65.1,,7.415175109613295
288,Ghana,2019,,50.2537524576,,,,38.2622946282,,13.3,30.5,56.9,23.4,63.4,,
288,Ghana,2020,,,,,,,,,,,,63.8,,
324,Guinea,2009,14.5196683585664,20.3054315481,,4806776400.20411,1.7710290479906,23.028555198,2.6,59.7,82.3,94.7,53,59.6,22.293292509320587,
324,Guinea,2010,25.7783288305304,20.4501891635,,4922139195.20226,16.1026261406999,23.0955933949,2.6,59.7,82.3,94.7,53,60,22.317009068727153,
324,Guinea,2011,24.0594205880672,20.34049579,41,4730225170.94863,8.99928464525526,22.5200030007,2.6,59.7,82.3,94.7,53,61.2,22.277238643168896,3.713572066704308
324,Guinea,2012,,21.2756476513,73,5423839003.08787,11.5159687043598,22.374302352,2.6,59.7,82.3,94.7,53,61.2,22.41406970482242,4.290459441148391
324,Guinea,2013,18.1377579003145,19.4829918952,118,6149659293.8684,4.32935323704137,22.5607591493,2.7,59.7,82.3,94.7,55.2,61.2,22.539662517859245,4.770684624465665
324,Guinea,2014,21.4554509947608,20.3501702547,42,6678478789.57923,2.61590849357289,22.2643526868,2.7,35.3,70.3,92.3,55.2,61.2,22.622156072450544,3.7376696182833684
324,Guinea,2015,26.13567317275,23.466228647,68,6693416832.66154,2.9722776358132,23.0106754867,2.8,35.3,70.3,92.3,55.2,61.2,22.624390318023252,4.219507705176107
324,Guinea,2016,23.1114707390081,23.167811447,11,6624936655.48543,5.66895414701354,23.607046294,2.9,35.3,70.3,92.3,55.2,61.2,22.614106647336826,2.3978952727983707
324,Guinea,2017,19.7923452066994,22.4810009154,,8314136884.02526,10.3565068734091,24.2456230872,2.9,35.3,70.3,92.3,55.2,61.2,22.841223141921482,
324,Guinea,2018,22.9799061436251,22.1870009154,74,,-1.33639835086807,24.8096161612,2.9,35.3,70.3,92.3,55.2,61.2,,4.30406509320417
324,Guinea,2019,,22.3340009154,,,,25.1318442425,,35.3,70.3,92.3,55.2,63.2,,
324,Guinea,2020,,,,,,,,,,,,60.4,,
384,Cote d'Ivoire,2009,25.0119128967873,22.1933714638,16,21935516455.3027,2.34574281990109,29.487513905,2.6,23.2,56.5,81,48.9,70.4,23.811372916092644,2.772588722239781
384,Cote d'Ivoire,2010,26.8609515095775,22.2263121434,-1,22399603614.5514,5.38642328995678,29.7536782834,2.4,29.1,57.1,80.8,48.9,64.3,23.83230909987188,NaN
384,Cote d'Ivoire,2011,27.3550630847877,22.0708403492,-13,22308557397.4489,1.63542431970711,29.6740259309,2.7,29.1,57.1,80.8,48.9,72.2,23.828236181599113,NaN
384,Cote d'Ivoire,2012,27.9391045304499,22.0507762454,-40,23962044897.9969,3.15486529798481,29.0734086165,2.8,29.1,57.1,80.8,48.9,70.3,23.899736952878953,NaN
384,Cote d'Ivoire,2013,29.3248817166508,23.2914386506,118,27981666350.5966,3.71048179675924,29.4833164353,3,29.1,57.1,80.8,48.9,70.3,24.05481535947105,4.770684624465665
384,Cote d'Ivoire,2014,30.4977315353415,25.6093452376,2,32646921386.0298,3.9093622016632,31.0072136197,3.1,29.1,57.1,80.8,48.9,71.4,24.20901639683048,0.6931471805599453
384,Cote d'Ivoire,2015,32.2525192341992,27.6689300113,-20,36644007086.844,3.10615232443898,31.2097020342,3.1,29.1,57.1,80.8,48.9,71.4,24.324515734496472,NaN
384,Cote d'Ivoire,2016,34.5078660574562,28.4376774735,62,33406005292.4225,-1.06855381583524,32.7147552798,3.2,29.1,57.1,80.8,46.3,71.8,24.23200151994146,4.127134385045092
384,Cote d'Ivoire,2017,37.4385426463591,29.3599005191,-146,,-1.74219624189568,34.8474765772,3.2,28.2,57.4,82.3,46.3,72.3,,NaN
384,Cote d'Ivoire,2018,39.074967737371,31.3135067064,-261,,0.430714051039445,35.5227136841,3.3,28.2,57.4,82.3,46.3,73.7,,NaN
384,Cote d'Ivoire,2019,,31.2085067064,,,,35.8897276736,,28.2,57.4,82.3,46.3,73.6,,
384,Cote d'Ivoire,2020,,,,,,,,,,,,69.4,,
404,Kenya,2009,35.5769634327343,49.6524672311,309,30886281683.8876,11.6373036795758,31.6809825903,3.3,43.7,69.2,88.2,46.8,71.8,24.153577963821142,5.733341276897746
404,Kenya,2010,41.0804682318243,50.0343434632,308,33542801699.1503,2.09167565659205,32.4822413849,3.3,43.7,69.2,88.2,46.8,67.9,24.23608812292226,5.730099782973574
404,Kenya,2011,41.6782172967907,50.0014986356,390,35459223316.8828,10.7939224157998,32.691924185,3.3,43.7,69.2,88.2,46.8,72.8,24.291649234275408,5.966146739123692
404,Kenya,2012,42.2370027734099,50.066153808,285,42462418341.4729,9.37978065243321,33.2891759964,3.4,43.7,69.2,88.2,46.8,66.7,24.471885247357328,5.652489180268651
404,Kenya,2013,43.755051531937,51.8389889521,412,46356979617.6373,5.16874442189688,33.7527242125,3.4,43.7,69.2,88.2,46.8,66.7,24.559637702683776,6.021023349349527
404,Kenya,2014,44.744338501412,52.0341441245,451,50603252702.6969,8.06828554254706,34.286713253,3.4,43.7,69.2,88.2,46.8,72.8,24.647281693835783,6.111467339502679
404,Kenya,2015,45.2123618678788,51.6756028077,392,53233779680.7881,10.0249813791043,34.5556668011,3.4,43.7,69.2,88.2,46.8,64,24.697958988200273,5.971261839790462
404,Kenya,2016,43.6061451495787,52.0531178743,438,59832959726.699,5.55086814783326,36.1139586081,3.4,43.7,69.2,88.2,36.1,65.6,24.814822512065117,6.082218910376446
404,Kenya,2017,40.5585184775094,51.9990305585,405,66332214919.2346,10.5902620972602,37.8339082945,3.4,36.8,66.2,86.5,36.1,67.2,24.9179415123466,6.003887067106539
404,Kenya,2018,39.0547984829056,52.0541138918,380,,2.83984757930014,40.2169152673,3.4,36.8,66.2,86.5,36.1,69.8,,5.940171252720432
404,Kenya,2019,,51.8725139602,,,,41.3652203946,,36.8,66.2,86.5,36.1,60.4,,
404,Kenya,2020,,,,,,,,,,,,60.4,,
426,Lesotho,2009,-14.2171831616428,40.8018638186,5,2054119950.95956,1.2464608260162,28.2679264752,3.4,61.3,79.9,92,56.6,57,21.443113345462127,1.6094379124341003
426,Lesotho,2010,-5.70984881332725,41.3637966873,5,2620760698.41876,9.60719982732716,28.3647896696,3.5,61.3,79.9,92,56.6,63.5,21.686730455485996,1.6094379124341003
426,Lesotho,2011,0.628738168538199,41.8557231405,5,2828893178.10098,8.45306772551399,28.6759102067,3.5,61.3,79.9,92,57.1,63.6,21.763151368956244,1.6094379124341003
426,Lesotho,2012,2.90983457766855,41.9774323152,5,2607681881.36579,2.43216576221018,28.451360489,3.5,59.7,78.1,89.9,57.1,69.1,21.68172749556698,1.6094379124341003
426,Lesotho,2013,1.59493889734571,42.2652283714,5,2416913972.31646,8.85495503517049,28.9429609605,3.3,59.7,78.1,89.9,57.1,69.1,21.60575734528151,1.6094379124341003
426,Lesotho,2014,0.603614391189415,43.0251343622,3,2415416134.42265,12.8690006942122,28.8357674546,3.3,59.7,78.1,89.9,57.1,68.6,21.605137421597203,1.0986122886681098
426,Lesotho,2015,2.31975016714959,43.148999518,3,2314993705.74075,9.88151112875137,28.3409266276,3.3,59.7,78.1,89.9,57.1,64.6,21.56267280557843,1.0986122886681098
426,Lesotho,2016,9.28303592859002,43.4683449589,3,2164464395.8286,2.98536164165068,30.5865909202,3.3,59.7,78.1,89.9,57.1,85.8,21.495438775567386,1.0986122886681098
426,Lesotho,2017,15.8704646144468,43.2826055748,3,2397283572.38379,3.3276181126795,32.7835395641,3.3,59.7,78.1,89.9,57.1,80.2,21.597602088440116,1.0986122886681098
426,Lesotho,2018,17.6383248405953,43.4387724159,3,,4.39319087638279,34.5110539841,3.2,59.7,78.1,89.9,57.1,68.5,,1.0986122886681098
426,Lesotho,2019,,43.6136471542,,,,34.6004076466,,59.7,78.1,89.9,57.1,81,,
426,Lesotho,2020,,,,,,,,,,,,82.2,,
430,Liberia,2009,19.3078734135223,23.9329611689,694,1143730286.94885,-2.72284210101884,19.690815729,2.8,68.6,90.4,97.3,54.1,53.8,20.857560938950915,6.542471960506805
430,Liberia,2010,18.472972382636,23.6730145131,851,1268370158.27606,6.51200131786641,19.7574218826,2.8,68.6,90.4,97.3,54.1,53.8,20.960998573290883,6.7464121285733745
430,Liberia,2011,17.3581167892731,23.7204283062,1039,1531394082.27239,10.92344780349,19.8404950177,2.8,68.6,90.4,97.3,54.1,53.8,21.14944432237593,6.946013991099227
430,Liberia,2012,16.1493224177697,23.8537398813,1019,1483482158.34185,5.07042207619877,20.0777498043,2.8,68.6,90.4,97.3,54.1,53.8,21.11765797089,6.926577033222725
430,Liberia,2013,20.0290431354898,24.4676304261,996,1684873783.48157,3.69064999023401,19.3336546926,2.9,68.6,90.4,97.3,54.1,61.4,21.24495649199949,6.903747257584598
430,Liberia,2014,18.7809851329802,24.568854564,845,1669339205.92666,1.79685422849762,19.7541861186,2.9,68.6,90.4,97.3,54.1,64.1,21.235693699997224,6.739336627357174
430,Liberia,2015,18.5757059060491,24.2835294902,1006,1678726290.27541,1.04961832061068,19.4527527398,2.9,68.6,90.4,97.3,54.1,74.4,21.24130118226217,6.913737350659685
430,Liberia,2016,18.6033633844102,24.2009217327,1029,1669264661.71862,4.85079960775624,19.8736851363,2.9,38.6,73.8,93,54.1,72.8,21.235649044080553,6.9363427358340495
430,Liberia,2017,28.5000936699986,24.8594875074,874,1588948937.4327,-2.18201458518479,20.2298363199,2.9,38.6,73.8,93,50.9,60.1,21.186338588951735,6.773080375655535
430,Liberia,2018,29.9239801586549,25.0159041741,236,,-1.8529281095025,20.2777662758,2.5,40.9,72.6,92.2,50.9,72.8,,5.4638318050256105
430,Liberia,2019,,25.9509286168,,,,20.5797147349,,40.9,72.6,92.2,50.9,60.1,,
430,Liberia,2020,,,,,,,,,,,,60.6,,
434,Libya,2009,-65.2612459813179,49.527724928,,47451750277.5759,-25.3127959906612,31.411260709,,6.725603807118716,14.81086571144998,36.87197882180939,39.17994766298963,90,24.5829792480992,
434,Libya,2010,-60.4071872723626,49.5837594108,2719,54019772329.0115,14.1610678308298,31.6457527202,,6.725603807118716,14.81086571144998,36.87197882180939,39.17994766298963,85,24.712615970733534,7.908019444632471
434,Libya,2011,-114.69366679065,49.6441042383,,30167572511.0286,18.2507166395647,32.4257318525,,6.725603807118716,14.81086571144998,36.87197882180939,39.17994766298963,85,24.130033426523248,
434,Libya,2012,-57.4505324298161,49.4539490659,,58847017125.1835,8.98067011905199,32.4929836015,,6.725603807118716,14.81086571144998,36.87197882180939,39.17994766298963,85,24.79820698330496,
434,Libya,2013,-57.9370948379352,50.6401120681,2628,52565397813.7207,-6.6679215796435,32.3119084244,,6.725603807118716,14.81086571144998,36.87197882180939,39.17994766298963,85,24.685323903979825,7.873978379604501
434,Libya,2014,-41.9973184469666,50.4512672405,2599,36233203346.326,-17.3090288371944,31.7153919277,,6.725603807118716,14.81086571144998,36.87197882180939,39.17994766298963,,24.313241754901128,7.8628820346414905
434,Libya,2015,2.85342412975895,50.2071120681,1820,25806554258.8131,-19.3985123874934,32.1369273478,,6.725603807118716,14.81086571144998,36.87197882180939,39.17994766298963,80,23.97389433765029,7.506591780070841
434,Libya,2016,55.8078648639537,50.3346120681,1373,24176548392.4914,-2.5575634615935,32.2784200719,,6.725603807118716,14.81086571144998,36.87197882180939,39.17994766298963,,23.90864892556216,7.224753405767971
434,Libya,2017,53.9365459378185,50.3346120681,1058,32830544681.4055,14.4298310499313,32.7143151271,,6.725603807118716,14.81086571144998,36.87197882180939,39.17994766298963,80,24.214625159288033,6.964135612418245
434,Libya,2018,23.289566341999,50.6828025443,1134,,15.8265983337134,35.4307528348,,6.725603807118716,14.81086571144998,36.87197882180939,39.17994766298963,80,,7.033506484287697
434,Libya,2019,,50.1878025443,,,,32.2341698068,,6.725603807118716,14.81086571144998,36.87197882180939,39.17994766298963,,,
450,Madagascar,2009,11.465117506066001,29.7551829815,47,7944206893.34361,6.92915908431497,26.4671435951,3.3,72,89.2,97.1,73.2,72.6,22.795708807325926,3.8501476017100584
450,Madagascar,2010,10.9934249483022,29.6293547919,47,8075675188.5764,10.2185410308594,27.0716603521,3,72,89.2,97.1,73.2,73.2,22.812122317244004,3.8501476017100584
450,Madagascar,2011,12.3108332033725,31.2816413662,47,9125608594.38382,10.3861871356489,26.0121249076,2.8,72,89.2,97.1,71.7,73.2,22.934350429465873,3.8501476017100584
450,Madagascar,2012,13.3127450726131,31.2956524057,47,8985473788.1159,5.46617486758645,26.6582462442,2.6,78.5,91.3,97.6,71.7,73.5,22.918875086800707,3.8501476017100584
450,Madagascar,2013,15.6241209591859,31.3996036555,57,9525827707.26416,5.45230244790307,27.3330273892,2.5,78.5,91.3,97.6,70.7,74.6,22.977272652584166,4.04305126783455
450,Madagascar,2014,16.3638994130067,31.7458003821,,9537874126.64171,6.73177081103677,27.7776035695,2.6,77.6,91,97.3,70.7,77.8,22.97853645969633,
450,Madagascar,2015,17.6259582477002,32.6511258796,,8668211927.65121,6.50371669218823,27.5626251486,2.7,77.6,91,97.3,70.7,71.8,22.882928369750715,
450,Madagascar,2016,17.3387078513406,32.4132857917,,8915680226.77427,8.9600807272264,27.8899930234,2.8,77.6,91,97.3,70.7,77.2,22.911077386727523,
450,Madagascar,2017,18.2021392705372,32.5145941371,,10358130123.0682,4.9615397574911,26.6908779667,2.8,77.6,91,97.3,70.7,78,23.061037567436127,
450,Madagascar,2018,18.3709842391784,32.7651809986,,,7.58252204168299,27.2889583119,2.8,77.6,91,97.3,70.7,78,,
450,Madagascar,2019,,32.7651809986,,,,27.7940327302,,77.6,91,97.3,70.7,69.2,,
450,Madagascar,2020,,,,,,,,,,,,73.6,,
454,Malawi,2009,24.4628718615265,29.8271022456,0.1,4443053417.23855,7.89982253145425,27.3549748745,3.4,73.4,90.6,97.1,52.4,68.8,22.214607683613988,-2.3025850929940455
454,Malawi,2010,23.2592053257698,30.1677831477,-3,5204830787.26177,12.1271794634743,27.1465915518,3.4,73.4,90.6,97.1,52.4,68.6,22.372853028832974,NaN
454,Malawi,2011,26.6868622322395,30.2551694676,-17,6082524628.80153,14.075761373677,27.5278506171,3.3,73.4,90.6,97.1,50.7,71,22.528685681738544,NaN
454,Malawi,2012,25.1647056475179,30.3599416623,-5,4320543750.47651,17.6561012391452,27.7465503727,3.3,71.7,89.1,96.2,50.7,70.9,22.186647099447555,NaN
454,Malawi,2013,20.9606426584091,30.7886620616,-5,3884842435.48275,27.3003965073468,27.8037341737,3.1,71.7,89.1,96.2,50.7,71.8,22.08034826279626,NaN
454,Malawi,2014,15.1442152081117,30.7318726381,21,4220678230.8074,20.8837033797922,28.2644152769,3.1,71.7,89.1,96.2,50.7,72.7,22.16326167028135,3.044522437723423
454,Malawi,2015,16.9515341603313,31.1335022121,21,4379205301.41407,20.5346585402693,28.8601990236,3.1,71.7,89.1,96.2,50.7,72.2,22.200133106839576,3.044522437723423
454,Malawi,2016,19.5937517957333,30.9451792675,26,3653119256.63991,19.5441321372681,29.287306819,3.2,71.7,89.1,96.2,50.7,72.4,22.0188472304462,3.258096538021482
454,Malawi,2017,,30.8725775142,37,4292768729.27508,13.4615051687358,29.7974473978,3.2,71.7,89.1,96.2,51.5,70.5,22.18019775315026,3.6109179126442243
454,Malawi,2018,,31.0818156095,52,,8.59903381642511,30.8022848398,3.2,70.3,89.4,96.7,51.5,71.5,,3.9512437185814275
454,Malawi,2019,,31.6120799461,,,,30.9624320435,,70.3,89.4,96.7,51.5,75.4,,
454,Malawi,2020,,,,,,,,,,,,75.4,,
466,Mali,2009,12.7889380770942,21.05850243,1,8273440720.61776,5.17546239251097,25.0414105144,3.4,51.2,77.6,92.2,41.7,73,22.836316307900148,0
466,Mali,2010,15.4814131205332,21.5717592243,1,8384963976.38499,4.36809902783483,25.3223987214,3.4,51.2,77.6,92.2,41.1,69.6,22.849705936014978,0
466,Mali,2011,18.0383416413548,22.3994682759,1,9894899668.44525,12.1534219455536,25.4107764333,3.3,49.7,79.3,94.9,41.1,73.2,23.015285276328033,0
466,Mali,2012,21.1139846679029,22.8053381605,1,8752357308.06247,4.60482136424292,25.4745705964,3,49.7,79.3,94.9,41.1,73.2,22.892588907668195,0
466,Mali,2013,21.6775971192392,22.2666638332,1,9860324345.4234,0.701147246374603,25.1996080494,3,49.7,79.3,94.9,41.1,73.2,23.011784900093293,0
466,Mali,2014,23.9854089878121,21.6887429815,0.1,11072537208.1526,1.25051921539236,23.9038164655,3,49.7,79.3,94.9,41.1,73.2,23.127733754167142,-2.3025850929940455
466,Mali,2015,27.0280076279788,22.1264677138,0.1,10039876653.7299,3.08664757266048,23.4182490635,3,49.7,79.3,94.9,41.1,73.2,23.029830665649456,-2.3025850929940455
466,Mali,2016,31.3366317756269,20.8549023908,0.1,10603428467.9461,1.35969349905767,24.3107701395,3,49.7,79.3,94.9,41.1,70.2,23.084443226141143,-2.3025850929940455
466,Mali,2017,31.4227592193686,21.0543060255,0.1,11713359949.2058,1.95090428799205,24.2336387389,3,49.7,79.3,94.9,41.1,70.1,23.183995903306084,-2.3025850929940455
466,Mali,2018,32.3665007167234,22.2474254251,0.1,,1.84226416994339,25.5387032915,3,49.7,79.3,94.9,41.1,68.7,,-2.3025850929940455
466,Mali,2019,,21.7170260487,,,,25.9621655873,,49.7,79.3,94.9,41.1,69.8,,
466,Mali,2020,,,,,,,,,,,,65,,
478,Mauritania,2009,43.7141764914741,22.4603032651,0,2731877379.29981,1.12131253931764,24.9262520012,3,14.4,42.5,74.9,42,75.6,21.728254894521694,-Inf
478,Mauritania,2010,38.9263873398268,22.4375298541,0,2923367403.61068,18.8775660087397,24.4196558928,3,10.8,34.3,64.7,42,69.9,21.796002009193344,-Inf
478,Mauritania,2011,34.618735270311,22.5387272756,0,3387405046.95303,15.9037378195936,23.9078160409,3,10.8,34.3,64.7,42,69.9,21.943329992339603,-Inf
478,Mauritania,2012,30.1889030982377,22.6098497603,0,3234707225.27426,0.987753350325079,25.2735229505,3.1,10.8,34.3,64.7,42,69.9,21.89720425857009,-Inf
478,Mauritania,2013,30.9653340799243,23.3880072207,0,3398331181.0329,3.01268643145522,23.5795782042,3.1,10.8,34.3,64.7,42,64.8,21.94655031896452,-Inf
478,Mauritania,2014,38.3800832189388,22.4307985633,22,3306380821.31881,-9.15514716800288,22.4597904037,3.2,10.8,34.3,64.7,42,69,21.919120020672803,3.091042453358316
478,Mauritania,2015,42.5125457925924,23.7797089557,22,3122114217.15629,-4.2250147798522,22.9818894013,3.2,10.8,34.3,64.7,31,69,21.86177624298169,3.091042453358316
478,Mauritania,2016,42.5788400407509,23.8198200916,25,3033735025.8679,3.3723862842465,23.237884296,3.3,6,24.1,58.8,31,69,21.833060379143838,3.2188758248682006
478,Mauritania,2017,43.4623972486096,23.8776213678,92,3110457480.22829,3.44923672119211,22.1523710081,3.3,6,24.1,58.8,31,62.3,21.858035652071308,4.5217885770490405
478,Mauritania,2018,,24.4657731425,-35,,2.75443558455144,22.5018884513,3.3,6,24.1,58.8,31,61.5,,NaN
478,Mauritania,2019,,24.501209127,,,,23.0244419357,,6,24.1,58.8,31,62.6,,
478,Mauritania,2020,,,,,,,,,,,,62.6,,
480,Mauritius,2009,96.4893893177916,61.4850538026,5238,7996714015.04622,-0.65420083282801,50.9958194287,,0.4,3.5,20.3,7.9,86.8,22.802296546126907,8.563695025067657
480,Mauritius,2010,100.29153052476,61.9267981711,7885,8843103204.67946,1.12641890473388,51.7947805529,,0.4,3.5,20.3,7.9,85.6,22.90290369324873,8.972717499397138
480,Mauritius,2011,103.222479435317,62.1946867621,6771,9974462828.67183,3.16146379054823,52.0090131804,,0.4,3.5,20.3,7.9,88,23.02329394651006,8.820404065485645
480,Mauritius,2012,111.515356330944,62.4209752037,6369,9907778098.07276,2.46552357929082,54.2920609476,,0.4,3.5,20.3,7.9,87.9,23.01658595208461,8.759197750371365
480,Mauritius,2013,120.348595061303,66.069404897,7165,10225653907.71,2.7508811176323,56.2587937344,,0.4,3.5,20.3,7.9,87.9,23.048165488684724,8.876963340262272
480,Mauritius,2014,113.963112679065,66.0428448055,8533,10435575737.3138,1.48063549449591,56.8554288457,,0.5,3.2,18.1,7.9,88.6,23.06848654963002,9.051696278536586
480,Mauritius,2015,116.287072824226,65.8891858207,8319,9651541327.1268,0.960795672969468,57.1915734985,,0.5,3.2,18.1,7.9,88.4,22.990383462561265,9.026297334283887
480,Mauritius,2016,113.453854440659,65.5162056432,9678,10029142683.3274,2.14757012075559,57.6310549511,,0.5,3.2,18.1,7.9,88.6,23.028760960025505,9.177610547353265
480,Mauritius,2017,125.673041394198,65.3147555569,10424,11018160157.7674,1.29687220616061,58.476266064,,0.5,3.2,18.1,7.9,88.7,23.122810671902126,9.251866118804681
480,Mauritius,2018,110.990644320184,67.3595026226,9544,,1.70807837508758,58.8013429198,,0.5,3.2,18.1,7.9,88.7,,9.163667963777751
480,Mauritius,2019,,67.9122600276,,,,59.0675641811,,0.5,3.2,18.1,7.9,88.4,,
480,Mauritius,2020,,,,,,,,,,,,88.2,,
504,Morocco,2009,97.7916980840023,39.6249280964,396,81152758989.4855,0.146912227305961,46.4595993038,,3.1,17,48.1,8.9,68,25.119599128967216,5.981414211254481
504,Morocco,2010,101.509147136902,39.4010233484,550,81157990812.0496,0.975621692194935,47.4720253375,,3.1,17,48.1,8.9,71.2,25.119663595708605,6.309918278226516
504,Morocco,2011,108.766555070858,40.3934562621,548,88075339156.1786,-0.690980555689521,48.2201067642,,3.1,17,48.1,8.9,75.8,25.20145841193188,6.306275286948016
504,Morocco,2012,112.676913142936,42.2059516926,606,85108402824.6393,0.369335229674476,49.4950537857,,3.1,17,48.1,8.9,75.7,25.167191608246263,6.406879986069314
504,Morocco,2013,112.229668119869,42.7901182592,414,93066221996.0349,1.30729203571408,50.5298124572,,3.1,17,48.1,8.9,70.8,25.256577141175537,6.025865973825314
504,Morocco,2014,111.734464777894,43.6441787958,529,95406491570.4555,0.377809577308867,51.8044174484,,3.1,17,48.1,4.8,58.8,25.28141245889754,6.270988431858299
504,Morocco,2015,106.49814474642,43.9938898471,493,87803799868.3662,2.12904824405096,52.0296850114,,1,7.7,31.3,4.8,78.2,25.198370615333975,6.20050917404269
504,Morocco,2016,108.566408861396,44.3693543829,434,89395906582.7175,1.48315700501477,53.7462888136,,1,7.7,31.3,4.8,81.8,25.21634073041224,6.073044534100405
504,Morocco,2017,108.837476134586,44.8827593938,412,94571926187.3725,0.682985840616098,56.3436038683,,1,7.7,31.3,4.8,84,25.272626505614273,6.021023349349527
504,Morocco,2018,110.757743886149,45.9108936072,408,,1.0660233458723,57.1387273739,,1,7.7,31.3,4.8,79.4,,6.0112671744041615
504,Morocco,2019,,46.6325737349,,,,56.7965067459,,1,7.7,31.3,4.8,77.4,,
504,Morocco,2020,,,,,,,,,,,,78.6,,
508,Mozambique,2009,18.3565912377496,23.5596258363,28,9239240398.63838,0.799024345696253,23.0190286527,3.4,81,92.5,97,54.7,73.4,22.946725511281176,3.332204510175204
508,Mozambique,2010,21.2913910287119,23.6274887172,121,8381970174.09042,7.98094541194322,23.2101136717,3.4,69.1,88.7,96.2,54.7,74.5,22.849348828114447,4.795790545596741
508,Mozambique,2011,22.1514590864181,24.8428147683,,10808509837.4257,3.36832188753542,23.2083815819,3.4,69.1,88.7,96.2,54.7,81,23.10359960871839,
508,Mozambique,2012,25.3852834400664,24.3996470728,619,11844099795.7792,3.4660734188098,22.7467773511,3.4,69.1,88.7,96.2,54.7,81.1,23.195095673001255,6.428105272684596
508,Mozambique,2013,26.9350610533868,24.9031757056,660,13027048653.6207,2.97638030509513,23.2741001287,3.3,69.1,88.7,96.2,54.7,75.4,23.290293698484117,6.492239835020471
508,Mozambique,2014,33.4459442304823,25.2357959784,1074,13783596772.4154,1.21068531516744,23.917561606,3.3,69.1,88.7,96.2,54.7,75.5,23.34674508243709,6.97914527506881
508,Mozambique,2015,40.0491783984756,25.3326509254,,11731181305.9355,7.58585554156497,23.4905068664,3.2,69.1,88.7,96.2,46.1,75.4,23.185516202634467,
508,Mozambique,2016,40.2346144882936,24.9078834152,473,8526326417.41236,13.67560965432,24.1231137325,3.2,62.4,81.5,91.8,46.1,70.8,22.866424439498214,6.159095388491933
508,Mozambique,2017,30.6919692086372,26.5625933536,398,9454544605.82961,7.64070735094347,24.3184064056,3.1,62.4,81.5,91.8,46.1,76.7,22.969761373521386,5.986452005284438
508,Mozambique,2018,30.7448032803174,26.6538837075,332,,2.12405394187584,25.112147443,3.1,62.4,81.5,91.8,46.1,76.7,,5.805134968916488
508,Mozambique,2019,,26.7443956778,,,,25.7696352653,,62.4,81.5,91.8,46.1,78,,
508,Mozambique,2020,,,,,,,,,,,,78,,
516,Namibia,2009,44.9556314689516,41.4349605552,8,7709120893.26503,6.96289135166708,41.2495535806,,31.5,56.1,73.2,37.7,88.4,22.765669996394884,2.0794415416798357
516,Namibia,2010,51.7409103227052,41.4892610682,8,9554277242.5793,3.56414066925332,41.452316633,,31.5,56.1,73.2,28.7,87.8,22.980254769975392,2.0794415416798357
516,Namibia,2011,51.4556277622748,41.5974781971,8,10584638629.6559,3.80506441951883,40.9307563353,,22.6,47,67.3,28.7,86.4,23.082669601097454,2.0794415416798357
516,Namibia,2012,49.7456132053902,42.5916946967,8,11065980340.1359,12.8818732829289,41.1670281337,,22.6,47,67.3,28.7,86.5,23.127141404819984,2.0794415416798357
516,Namibia,2013,51.1979658121674,42.8204244279,8,11179275011.5332,8.79631596534141,41.3492849816,,22.6,47,67.3,28.7,81.5,23.13732745565955,2.0794415416798357
516,Namibia,2014,55.5349135073016,43.5631086215,-1,11259911432.2473,6.25817643980359,43.0372346346,,22.6,47,67.3,28.7,82.9,23.14451459392962,NaN
516,Namibia,2015,55.5131361217972,43.9157458289,-30,10135233879.2916,1.95195656307379,44.1999023582,,22.6,47,67.3,28.7,71.2,23.039283692981908,NaN
516,Namibia,2016,57.7566301818992,43.9944319266,-52,9572860431.06487,9.38093800598745,47.503045557,,22.6,47,67.3,17.4,83.4,22.98219789336894,NaN
516,Namibia,2017,58.8028830644524,44.4563758877,-77,11350643531.8782,9.74723473437891,47.9474635009,,13.4,29.6,50.1,17.4,83.5,23.152540278110397,NaN
516,Namibia,2018,59.1295136521808,45.4846453768,,,6.97008024721615,47.3396796309,,13.4,29.6,50.1,17.4,83.3,,
516,Namibia,2019,,45.1167732521,,,,47.7370907517,,13.4,29.6,50.1,17.4,83,,
516,Namibia,2020,,,,,,,,,,,,83.2,,
562,Niger,2009,13.8883095754094,11.6796075356,0,4619478783.91291,6.07897479233745,17.6175875598,3.1,72,90.5,96.7,48.9,70.4,22.253547718340837,-Inf
562,Niger,2010,14.1531642023173,12.4537277073,0,5000573007.65036,3.01934227403021,17.6344323945,3.2,72,90.5,96.7,48.9,75.7,22.33281834434433,-Inf
562,Niger,2011,15.8295474838449,13.0696702957,0,5523571510.2821,4.39394121352915,17.8794703383,3.2,72,90.5,96.7,48.9,71.8,22.432290500745182,-Inf
562,Niger,2012,14.5493477900723,13.6701473802,0,5805298885.39387,4.77621753553399,18.7409973407,3.2,72,90.5,96.7,48.9,71.7,22.48203693834944,-Inf
562,Niger,2013,13.5985864144404,14.6834953244,0,6245222792.85252,1.53689489565636,19.066647698,3.2,50.3,83.3,95.8,48.9,71.7,22.55508265528432,-Inf
562,Niger,2014,14.6787244014211,14.6349835244,0,6744660745.7421,-0.112766072282483,19.1428141032,3.2,50.3,83.3,95.8,48.9,65.6,22.63201702819398,-Inf
562,Niger,2015,18.6494379815483,14.6846805734,0,5863608113.03443,0.553828856627121,19.6744562067,3.2,50.3,83.3,95.8,44.5,65.6,22.49203097000605,-Inf
562,Niger,2016,20.372967461156,15.4497158912,0,6094463779.18344,-0.331163615853086,19.7554733192,3.1,44.5,76.9,93.4,44.5,64.6,22.530646618845104,-Inf
562,Niger,2017,21.4277359681704,15.4523754242,0,6589834409.49519,0.932029197546385,20.7290725636,3.1,44.5,76.9,93.4,44.5,66.4,22.608794057602665,-Inf
562,Niger,2018,21.8545795213829,16.2306365615,0,,2.5886335452108,22.6327513648,3.1,44.5,76.9,93.4,44.5,61.5,,-Inf
562,Niger,2019,,16.2201365615,,,,23.1412589387,,44.5,76.9,93.4,44.5,65.8,,
562,Niger,2020,,,,,,,,,,,,61.2,,
566,Nigeria,2009,21.5452857273429,35.5098121851,4938,241593295868.022,0.686098873558521,24.6503342329,2.9,53.5,79.9,94.1,48.4,61.8,26.210521553731425,8.504715669905124
566,Nigeria,2010,19.0926881893613,36.0175342493,5058,289056150316.564,16.3427663263401,24.5340463201,2.9,53.5,79.9,94.1,46,67.2,26.38988679793946,8.52872642722991
566,Nigeria,2011,22.3524896227026,36.358773251,5307,312358550650.296,9.77845809675884,24.6687276589,2.9,53.5,77.6,92.1,46,65,26.467417565732347,8.576781982827894
566,Nigeria,2012,20.8742210501408,36.445890514,5369,358568877651.949,9.94763670647075,25.4952610746,2.9,53.5,77.6,92.1,46,63.9,26.60538660587355,8.58839695042257
566,Nigeria,2013,21.8524997858131,36.5062353416,5066,402645600760.981,4.96474571562726,25.4562649226,2.8,53.5,77.6,92.1,46,63.9,26.72132260941359,8.53030683056162
566,Nigeria,2014,21.6457456888416,36.089390514,4884,465294867456.642,4.6626229169719,25.6186923446,2.8,53.5,77.6,92.1,46,63.8,26.865937165125047,8.493719835230594
566,Nigeria,2015,23.1437027956909,36.1497353416,5872,417908006110.052,2.86366512244867,26.3358633605,2.8,53.5,77.6,92.1,46,63.8,26.758527164173344,8.677950570294351
566,Nigeria,2016,26.5551302713839,36.1497353416,4349,342185365834.414,9.54367007033214,28.9924057429,2.8,53.5,77.6,92.1,46,64.8,26.558618432540946,8.37770121259764
566,Nigeria,2017,23.3338792942676,36.1497353416,5774,306207626174.983,11.1189180741492,30.1035373215,2.8,53.5,77.6,92.1,46,62.3,26.447529225721976,8.661120360222881
566,Nigeria,2018,21.2033901845536,36.1722353416,5630,,10.234751627162,28.7403391026,2.8,53.5,77.6,92.1,46,65.5,,8.635864721133736
566,Nigeria,2019,,35.9874320152,,,,28.8141333329,,53.5,77.6,92.1,46,62.4,,
566,Nigeria,2020,,,,,,,,,,,,62.4,,
624,Guinea-Bissau,2009,6.34731297573559,24.4394551137,0,676350424.963775,-2.4581579489352,24.9934205582,2.6,53.9,82.6,95.8,64.7,66.8,20.332221879818604,-Inf
624,Guinea-Bissau,2010,10.1750131881192,24.4653171827,0,713434416.699693,2.96535301880681,24.9435897728,2.6,53.9,82.6,95.8,64.7,58.2,20.38560107292654,-Inf
624,Guinea-Bissau,2011,12.0487138475462,24.4954895965,0,951292094.406638,14.0315742306476,24.9557932995,2.6,53.9,82.6,95.8,69.3,63.6,20.673331717836927,-Inf
624,Guinea-Bissau,2012,21.1906875707546,24.4148516655,0,824822357.821123,-0.850532797538335,24.7599117024,2.3,67.1,84.5,93.4,69.3,65.3,20.530678597260263,-Inf
624,Guinea-Bissau,2013,18.2563635433919,24.4450240792,0,847536104.512781,-0.932149491408225,24.6608169832,2.2,67.1,84.5,93.4,69.3,65.3,20.557843997506495,-Inf
624,Guinea-Bissau,2014,22.7010867209397,24.791696493,0,904136894.216102,-0.148257144183006,25.279575586,2.2,67.1,84.5,93.4,69.3,61.4,20.622491338546816,-Inf
624,Guinea-Bissau,2015,24.3569932734535,24.8218689068,0,874332897.333298,12.1019886582442,25.9002255912,2.2,67.1,84.5,93.4,69.3,65.4,20.588971750497223,-Inf
624,Guinea-Bissau,2016,23.9833326200422,24.8218689068,0,992025235.531154,6.09639967284816,25.7920134892,2.2,67.1,84.5,93.4,69.3,59.4,20.715259103969082,-Inf
624,Guinea-Bissau,2017,20.9176464856374,24.8218689068,0,1118926319.84787,5.93859668011325,25.9387513112,2,67.1,84.5,93.4,69.3,65.2,20.83563541946837,-Inf
624,Guinea-Bissau,2018,23.6999811226938,24.8218689068,0,,-0.424897285064247,25.916311915,2,67.1,84.5,93.4,69.3,65.2,,-Inf
624,Guinea-Bissau,2019,,24.3043689068,,,,25.9410789574,,67.1,84.5,93.4,69.3,55.6,,
624,Guinea-Bissau,2020,,,,,,,,,,,,49,,
646,Rwanda,2009,7.0909574686745,36.718934989,0,4337391531.53632,8.24937467098692,32.6948598762,3.5,68.3,85.1,93.6,38.2,61.2,22.190538974768103,-Inf
646,Rwanda,2010,8.30039176415821,37.0732351163,0,4692762353.21741,2.60651269608884,32.8616400909,3.7,68.3,85.1,93.6,38.2,67.4,22.269287233912145,-Inf
646,Rwanda,2011,9.04374057770907,37.9965139558,0,5320738412.97933,8.34883134937472,34.1664367829,3.6,68.3,85.1,93.6,38.2,77.8,22.39487793010042,-Inf
646,Rwanda,2012,13.2464326857602,37.8834486892,0,5900106273.74688,5.27137029071127,35.4860147001,3.6,62.3,83.6,93,38.2,78,22.498236200195333,-Inf
646,Rwanda,2013,12.4700085861386,38.8937929189,0,6073389388.99194,3.13286500088536,36.1399208087,3.6,62.3,83.6,93,38.2,78,22.52718266986861,-Inf
646,Rwanda,2014,17.3108739825466,40.1013830699,11,6333694189.97999,4.46815542959264,36.4334229121,3.6,62.3,83.6,93,38.2,77.7,22.569149503186853,2.3978952727983707
646,Rwanda,2015,19.165475202517,39.9118033253,11,6485985767.94134,0.285769595029237,36.5469893572,3.7,56.8,81.4,92.4,38.2,80.8,22.592909650555516,2.3978952727983707
646,Rwanda,2016,18.93024894681,40.1010191893,11,6616792523.50639,5.49534174703898,37.4415263294,3.7,56.8,81.4,92.4,38.2,67.6,22.612876576415445,2.3978952727983707
646,Rwanda,2017,18.943275884107,40.8742109764,11,7158942298.21523,7.34142059852441,39.9569217112,3.7,56.8,81.4,92.4,38.2,70.3,22.691628083293786,2.3978952727983707
646,Rwanda,2018,19.5731986002301,42.1648354253,11,,-0.7927460028897,41.0966211991,3.8,55.5,79.7,91.6,38.2,70.7,,2.3978952727983707
646,Rwanda,2019,,42.0810684049,,,,41.5441188307,,55.5,79.7,91.6,38.2,70.4,,
646,Rwanda,2020,,,,,,,,,,,,70.4,,
678,Sao Tome and Principe,2009,26.5931777629137,41.2497877123,,148892218.367229,7.57021357100598,35.7390929697,3.1,29.8,64.2,89.8,68.3,60,18.81873323549094,
678,Sao Tome and Principe,2010,38.4447530598531,41.5728676008,,154367828.448054,12.4783225845915,35.8587905503,3.1,29.8,64.2,89.8,68.3,66.6,18.85484880887021,
678,Sao Tome and Principe,2011,40.3707520657316,41.6139447139,,167767146.132702,7.77896418164438,36.0596322982,3.1,29.8,64.2,89.8,66.2,66.6,18.938087541008244,
678,Sao Tome and Principe,2012,36.3855725195826,42.7805995003,,143845664.714822,13.6090028311442,36.4357122829,3.1,32.3,70.1,92.3,66.2,66.6,18.784251509967344,
678,Sao Tome and Principe,2013,30.1603927079286,44.6015742631,,171170306.176074,10.7205727191281,36.8225475249,3.1,32.3,70.1,92.3,66.2,60,18.95816956139534,
678,Sao Tome and Principe,2014,25.6202644678698,44.8286584834,122,197619386.998716,8.20588353899747,36.9922946764,3.1,32.3,70.1,92.3,66.2,75.3,19.10185345080702,4.804021044733257
678,Sao Tome and Principe,2015,23.6186617006971,48.8194752062,21,155060338.198442,5.1169196185317,37.1832216118,3.1,32.3,70.1,92.3,66.2,75.2,18.859324877833853,3.044522437723423
678,Sao Tome and Principe,2016,22.3340080317715,50.0456643739,21,156604295.372378,5.10223196742901,37.9596559377,3.2,32.3,70.1,92.3,66.2,73,18.869232770087198,3.044522437723423
678,Sao Tome and Principe,2017,24.1799983380229,50.4174197517,21,153018113.101628,1.97695878949207,38.4940281244,3.2,32.3,70.1,92.3,66.2,71.8,18.846066858634757,3.044522437723423
678,Sao Tome and Principe,2018,25.4248308525715,51.0564132645,21,,4.68929170939974,38.1240657576,3.2,32.3,70.1,92.3,66.2,71.8,,3.044522437723423
678,Sao Tome and Principe,2019,,51.0564132645,,,,38.0577481578,,32.3,70.1,92.3,66.2,64.2,,
678,Sao Tome and Principe,2020,,,,,,,,,,,,64.2,,
686,Senegal,2009,22.7641868568912,28.4173360818,23,14377852167.5918,-0.991725782078433,28.564885402,3.4,37.4,67.3,88.6,48.3,71.2,23.388954815607395,3.1354942159291497
686,Senegal,2010,26.472795528677,29.1399929591,-31,14385189947.4429,1.07515859900549,29.1762773933,3.5,37.4,67.3,88.6,48.3,69.7,23.389465038412126,NaN
686,Senegal,2011,28.1286890997864,28.7209643229,-43,15593838574.4398,3.53846772882356,28.7098118214,3.6,37.4,67.3,88.6,48.3,73.2,23.470141710006466,NaN
686,Senegal,2012,27.7760591406308,30.2479557118,-59,15428679697.3417,2.61888055591453,29.3049860599,3.6,37.4,67.3,88.6,46.7,72.2,23.45949393241099,NaN
686,Senegal,2013,31.3329551788477,29.3602403424,5,16409305505.4873,0.105884705857747,30.4274040405,3.6,38,67.5,88.1,46.7,72.2,23.521114419732193,1.6094379124341003
686,Senegal,2014,31.9621998141074,30.4121391936,26,17124193862.5667,-2.11826157856221,29.4872262873,3.6,38,67.5,88.1,46.7,73.2,23.563758146267965,3.258096538021482
686,Senegal,2015,33.6678766746125,29.4607132358,26,15233246988.7118,1.07045992267298,28.9924972365,3.6,38,67.5,88.1,46.7,74,23.446746178025315,3.258096538021482
686,Senegal,2016,36.3372759952053,30.4694858418,24,16112060394.7038,0.954893414416617,30.5967163796,3.6,38,67.5,88.1,46.7,73.8,23.50283392134557,3.1780538303479458
686,Senegal,2017,37.5760976740357,31.6792215898,25,17874133888.7264,1.56366860814413,32.6841812111,3.6,38,67.5,88.1,46.7,73.1,23.606620470575017,3.2188758248682006
686,Senegal,2018,35.3922459603706,34.0028424223,22,,2.34618913980142,34.9160324778,3.5,38,67.5,88.1,46.7,66.7,,3.091042453358316
686,Senegal,2019,,33.8291070308,,,,34.8790719875,,38,67.5,88.1,46.7,72,,
686,Senegal,2020,,,,,,,,,,,,65.4,,
690,Seychelles,2009,43.055129969739,62.7716121071,0.1,744701262.803975,27.4941792625738,54.8689026657,,1.1,2.5,6.6,39.3,28.4,20.42849370640117,-2.3025850929940455
690,Seychelles,2010,49.612544831525,62.852102628,0.1,821279040.596797,-4.2127237664955,55.0409556696,,1.1,2.5,6.6,39.3,33.4,20.52637348859518,-2.3025850929940455
690,Seychelles,2011,43.9207851760132,62.9246364464,0.1,900389932.577504,4.49623580514537,54.9549910117,,1.1,2.5,6.6,39.3,33.4,20.618338485878706,-2.3025850929940455
690,Seychelles,2012,36.546803958227,61.4817949575,0.1,901727389.910312,8.65859087963547,56.8409143644,,1.1,2.5,6.6,39.3,33.4,20.61982280386586,-2.3025850929940455
690,Seychelles,2013,37.6157462998974,61.7789608747,0.1,1103687234.58939,4.03663905544053,57.6052374375,,1.1,2.5,6.6,39.3,33.4,20.821922442661357,-2.3025850929940455
690,Seychelles,2014,35.1556374416918,63.5366903069,338,1083066459.55227,2.28992550403943,58.2303880219,,1.1,2.5,6.6,39.3,33.4,20.803062169243354,5.823045895483019
690,Seychelles,2015,35.6212041696653,65.0129197524,338,1098242033.09583,2.08971006196927,58.823517711,,1.1,2.5,6.6,39.3,44,20.816976586612956,5.823045895483019
690,Seychelles,2016,40.1966819535615,65.8107230549,,1095025880.39399,-0.791121415263277,58.4652964332,,1.1,2.5,6.6,39.3,83.4,20.814043834998575,
690,Seychelles,2017,43.9534736780834,65.8090083058,,1118202903.61605,3.41558560858543,58.845957623,,1.1,2.5,6.6,39.3,83.4,20.834988683241026,
690,Seychelles,2018,41.1391929560385,65.7190868395,,,4.0557425978365,60.1526823116,,1.1,2.5,6.6,39.3,86.7,,
690,Seychelles,2019,,66.3424052054,,,,60.2833841443,,1.1,2.5,6.6,39.3,81.4,,
690,Seychelles,2020,,,,,,,,,,,,82.6,,
694,Sierra Leone,2009,14.3853654689775,25.8799121981,,2256829952.14626,7.78176191801401,22.4534180849,2.9,60.6,83,93.7,66.4,66,21.5372269895182,
694,Sierra Leone,2010,17.3345167629221,25.9100846119,,2222081857.42103,17.1771173381886,22.5084955091,3,60.6,83,93.7,66.4,62.8,21.52171036700871,
694,Sierra Leone,2011,16.3472901964726,25.9402570257,,2459691091.60242,17.3741793665584,22.6659384642,3.1,60.6,83,93.7,66.4,62.8,21.623301606486454,
694,Sierra Leone,2012,14.0054830636186,25.9704294395,,3279877948.58797,12.0410780303766,22.5069935843,3.1,60.6,83,93.7,52.9,62.8,21.911072047853775,
694,Sierra Leone,2013,12.2057012925873,26.4758707923,,3905874969.47262,6.92515293132807,23.6623055335,3.1,52.2,81.3,94.7,52.9,70.2,22.085747659024932,
694,Sierra Leone,2014,14.5080076983595,26.6300056539,2,4029314287.24323,1.79731249136989,24.1537156648,3.1,52.2,81.3,94.7,52.9,70.2,22.116862046378674,0.6931471805599453
694,Sierra Leone,2015,18.5584130659121,26.6644884125,1,3558356259.98502,18.8647633620846,23.1065374457,3.1,52.2,81.3,94.7,52.9,70.2,21.99256455045936,0
694,Sierra Leone,2016,21.8028855450775,26.119316198,14,2595269003.41313,1.77562247078991,23.2248784365,3.1,52.2,81.3,94.7,52.9,69.4,21.6769560103933,2.6390573296152584
694,Sierra Leone,2017,21.9283522100836,28.7999130046,13,3052326426.85149,14.642541410427,23.4343127309,3.1,52.2,81.3,94.7,52.9,69.4,21.83916989971208,2.5649493574615367
694,Sierra Leone,2018,22.715331652481,29.0038978088,13,,13.4260267912915,23.1491693813,3.2,52.2,81.3,94.7,52.9,69.4,,2.5649493574615367
694,Sierra Leone,2019,,29.3763665316,,,,23.3965480551,,52.2,81.3,94.7,52.9,69.4,,
694,Sierra Leone,2020,,,,,,,,,,,,69.4,,
706,Somalia,2009,,24.6540974053,0.1,,,19.7161825238,,25.63365631141755,55.18889059903859,81.12968239408659,35.62608897890237,,,-2.3025850929940455
706,Somalia,2010,,24.675649129499998,0.1,,,19.685678942,,25.63365631141755,55.18889059903859,81.12968239408659,35.62608897890237,,,-2.3025850929940455
706,Somalia,2011,,24.6972008536,0.1,,,20.0300010702,,25.63365631141755,55.18889059903859,81.12968239408659,35.62608897890237,,,-2.3025850929940455
706,Somalia,2012,,24.7230629226,0.1,,,19.1410344955,,25.63365631141755,55.18889059903859,81.12968239408659,35.62608897890237,,,-2.3025850929940455
706,Somalia,2013,,24.7489249916,,,,18.36938029,,25.63365631141755,55.18889059903859,81.12968239408659,35.62608897890237,,,
706,Somalia,2014,,24.8559767157,0,,,18.3672762354,,25.63365631141755,55.18889059903859,81.12968239408659,35.62608897890237,,,-Inf
706,Somalia,2015,,24.8818387847,0,,,18.5707425735,,25.63365631141755,55.18889059903859,81.12968239408659,35.62608897890237,,,-Inf
706,Somalia,2016,,24.8818387847,0,,,19.0802501654,,25.63365631141755,55.18889059903859,81.12968239408659,35.62608897890237,,,-Inf
706,Somalia,2017,,24.8818387847,0,,,19.7255521419,1.8,25.63365631141755,55.18889059903859,81.12968239408659,35.62608897890237,,,-Inf
706,Somalia,2018,,24.8923387847,0,,,19.8983649077,,25.63365631141755,55.18889059903859,81.12968239408659,35.62608897890237,,,-Inf
706,Somalia,2019,,24.9148387847,,,,19.4012180744,,25.63365631141755,55.18889059903859,81.12968239408659,35.62608897890237,,,
710,South Africa,2009,84.0807192714333,48.2621184455,5447,238886995669.271,7.50452079637039,46.7159976616,,26.1,48.6,67.9,62.1,74.8,26.19925645559512,8.602820277383675
710,South Africa,2010,81.4451504114356,48.7219599241,6017,301320418877.47,6.35103834717148,46.9189977918,,16.9,37,57.9,62.1,76,26.43144005004455,8.702344075220351
710,South Africa,2011,75.8039174478857,49.1238654754,5870,332195064775.294,6.53223091289495,46.0526814205,,16.9,37,57.9,53.2,77.2,26.528988177830104,8.677609912822142
710,South Africa,2012,77.5986525006224,49.2103952893,5471,317908876887.516,5.28277149390206,46.9032476368,,16.5,35.8,56.2,53.2,76.3,26.485030627994913,8.607216694063826
710,South Africa,2013,73.0747293261046,51.1369006204,6457,292240261316.905,6.15525727535496,47.6137409509,,16.5,35.8,56.2,53.2,76.3,26.400842113619,8.772920092626467
710,South Africa,2014,74.4653605011558,50.8454348259,7346,281346016822.711,5.54700532577925,47.5137697704,,16.5,35.8,56.2,53.2,76.1,26.362851125351078,8.901911226379612
710,South Africa,2015,75.6007370123194,50.8739836136,6926,259152816363.811,5.17061378564514,48.5008117792,,16.5,35.8,56.2,55.5,76.6,26.28068374922059,8.843037724962366
710,South Africa,2016,76.9407587958459,51.4320520311,6659,239004984481.197,7.20634637892044,50.3822772447,,18.9,37.6,57.1,55.5,77,26.19975024423031,8.803724602110622
710,South Africa,2017,78.6958608101721,51.3724348251,7334,281674998945.157,5.26745812194203,50.0029578533,,18.9,37.6,57.1,55.5,77.3,26.364019757251747,8.900276348631271
710,South Africa,2018,79.0630124086281,52.1548730099,7621,,3.91653962575576,50.0013030578,,18.9,37.6,57.1,55.5,71.6,,8.938662873666118
710,South Africa,2019,,52.0851701208,,,,50.3060852414,,18.9,37.6,57.1,55.5,76,,
710,South Africa,2020,,,,,,,,,,,,75.8,,
716,Zimbabwe,2009,16.5092330023238,48.6799203793,,7984067512.7501,95.4086597515884,21.1762432852,2,21.4,47.2,74,70.9,50.4,22.800713831925595,
716,Zimbabwe,2010,21.0551934807102,48.7531962413,,9827504364.74133,4.09840493659293,21.8611597055,2.1,21.4,47.2,74,70.9,44.8,23.008450859395662,
716,Zimbabwe,2011,26.2040671830821,48.5114721034,,10708298020.6667,2.55317575013412,21.9028876362,2.2,21.4,47.2,74,70.9,45,23.09428479380732,
716,Zimbabwe,2012,28.1368303292961,48.3427320772,,12253020526.9556,4.0285768740303904,23.155045936,2.2,21.4,47.2,74,72.3,50.4,23.229038317171895,
716,Zimbabwe,2013,27.2671654962708,48.4602236552,,14755131974.7125,9.37060288787357,23.4622456922,2.2,21.4,47.2,74,72.3,50.4,23.414856789707446,
716,Zimbabwe,2014,27.8165621245915,48.6478423168,,15129831031.1239,-0.252140994359053,23.7121604513,2.7,21.4,47.2,74,72.3,54.2,23.439934196880213,
716,Zimbabwe,2015,31.7082192259801,49.1203924089,,15158056411.7521,0.607813919052404,24.6976499332,2.8,21.4,47.2,74,72.3,58.4,23.441798003912126,
716,Zimbabwe,2016,36.4082684455334,49.5484834727,8,15554736217.8369,2.16099269561299,25.6872569031,2.8,21.4,47.2,74,72.3,50.2,23.467631009121806,2.0794415416798357
716,Zimbabwe,2017,46.89059216507,49.0939834727,37,16271751278.5083,6.03159251939516,25.6324706583,2.8,21.4,47.2,74,72.3,52.8,23.512696390891712,3.6109179126442243
716,Zimbabwe,2018,48.0003074603361,49.1430549012,-2,,28.0055448637711,27.122358629,2.8,21.4,47.2,74,72.3,69.1,,NaN
716,Zimbabwe,2019,,46.1347580875,,,,26.9292128697,,21.4,47.2,74,72.3,70,,
716,Zimbabwe,2020,,,,,,,,,,,,70,,
728,South Sudan,2009,,16.1038514999,0,,-11.8293294345746,28.4806848426,,42.7,64.8,84.8,50.6,,,-Inf
728,South Sudan,2010,,16.1210928792,0,,12.9264025428324,28.4796560591,,42.7,64.8,84.8,50.6,,,-Inf
728,South Sudan,2011,-7.34509887783319,16.1340239137,0,,38.8333428458361,28.4788018858,,42.7,64.8,84.8,50.6,,,-Inf
728,South Sudan,2012,5.58049161331357,16.1469549482,0,,46.5069047818339,28.4807512315,2,42.7,64.8,84.8,50.6,,,-Inf
728,South Sudan,2013,6.90799848861499,16.1641963275,0,,36.5121585623914,28.4801228073,2,42.7,64.8,84.8,50.1,,,-Inf
728,South Sudan,2014,21.4909627382042,16.007627362,0.1,,-26.7002845493527,28.1498547512,1.9,42.7,64.8,84.8,50.1,,,-2.3025850929940455
728,South Sudan,2015,33.6991802736938,16.0248687413,0.1,,17.6893321289541,28.4027053448,1.7,42.7,64.8,84.8,55.1,,,-2.3025850929940455
728,South Sudan,2016,,15.1473196698,0.1,,,27.2233537936,1.5,42.7,64.8,84.8,65.6,,,-2.3025850929940455
728,South Sudan,2017,,15.1548196698,0.1,,,27.2670133632,1.4,42.7,64.8,84.8,82.3,,,-2.3025850929940455
728,South Sudan,2018,,15.4173196698,0.1,,,27.325686356,1.4,42.7,64.8,84.8,82.3,,,-2.3025850929940455
728,South Sudan,2019,,15.2223196698,,,,25.8781961902,,42.7,64.8,84.8,82.3,,,
729,Sudan,2009,21.7457113713155,29.0690074291,,,3.95947681984256,29.2354963512,2.2,14.9,40.5,73.2,46.5,,,
729,Sudan,2010,22.0305723930541,29.1379146589,,,19.580752767628,29.3052394321,2.2,14.9,40.5,73.2,46.5,,,
729,Sudan,2011,23.7404388198071,29.2092047095,0.1,54133173634.3969,21.0015802778258,28.844157573,2.2,14.9,40.5,73.2,46.5,,24.71471302589802,-2.3025850929940455
729,Sudan,2012,25.026993013251,29.2236630817,0.1,53893898551.7107,34.8762038438988,28.4980706788,2.2,14.9,40.5,73.2,46.5,,24.71028310904215,-2.3025850929940455
729,Sudan,2013,22.0940477088713,31.3788050566,0.1,36705647538.9643,34.9034002457985,28.5556326503,2.2,14.9,40.5,73.2,46.5,,24.326196464063507,-2.3025850929940455
729,Sudan,2014,18.8150134726898,31.2457170119,0,66075821591.3577,33.8951741442705,28.3850327837,2.2,14.9,40.5,73.2,46.5,55.6,24.914068731583566,-Inf
729,Sudan,2015,18.1216822200149,32.1446574203,0,78175025439.7349,17.9037584478598,28.5482656955,2.2,14.9,40.5,73.2,46.5,55.6,25.0822160657106,-Inf
729,Sudan,2016,22.4603865652326,32.21258606,0,74897810528.3022,-2.74533622725743,28.0628141419,2.2,14.9,40.5,73.2,46.5,50.6,25.039390495110442,-Inf
729,Sudan,2017,23.3250229616488,32.524939983,0,91451538799.8615,32.8613567035349,28.6675961026,2.2,14.9,40.5,73.2,46.5,50.5,25.239075038321452,-Inf
729,Sudan,2018,31.1106706423755,33.0974034659,0,,23.9347802893319,29.4488950178,2.1,14.9,40.5,73.2,46.5,56.1,,-Inf
729,Sudan,2019,,33.5969034659,,,,29.8030113358,,14.9,40.5,73.2,46.5,45,,
729,Sudan,2020,,,,,,,,,,,,52,,
748,Eswatini,2009,7.49255698570913,36.5894831934,,3013813004.11706,9.76993114081979,31.5853156466,,48.4,71.4,85.1,69,71.6,21.826471892796363,
748,Eswatini,2010,14.3628868407957,36.825699878,,3620139675.81528,3.19717615205548,31.8142923887,,48.4,71.4,85.1,63,74.9,22.00977844651909,
748,Eswatini,2011,21.8851455470737,37.5421639659,,4149924218.35209,5.34093248904695,32.2142206387,,42,64.4,82,63,79.8,22.14635591038424,
748,Eswatini,2012,16.1337653628605,38.4576740103,,4132908231.51456,8.75667315206947,32.6880437615,,42,64.4,82,63,69.7,22.142247168385936,
748,Eswatini,2013,15.2083902731237,39.0146353151,,3965280498.22541,6.53313034561955,33.70869565,,42,64.4,82,63,69.7,22.10084243309354,
748,Eswatini,2014,16.4759500333097,38.2016424874,33,3777720301.40849,7.13733634257416,33.6215624446,,42,64.4,82,63,81.5,22.052386569777568,3.4965075614664802
748,Eswatini,2015,16.71677022947,39.7572496303,,3501183727.49805,5.84108739227335,33.8030523827,,42,64.4,82,63,76,21.97636695611898,
748,Eswatini,2016,21.6135743191009,39.5345472371,,3274717282.83267,7.34398568501105,34.7842600732,,42,64.4,82,63,88.8,21.909497376454716,
748,Eswatini,2017,23.8884678709695,40.8380380948,,3741379218.59842,2.85388192885452,35.8387269429,,42,64.4,82,63,88.9,22.04272015541837,
748,Eswatini,2018,27.7474557502988,41.0594309519,,,2.7911248940886,35.7541621577,,42,64.4,82,63,79.7,,
748,Eswatini,2019,,41.1021420735,,,,35.8933328098,,42,64.4,82,63,87.6,,
748,Eswatini,2020,,,,,,,,,,,,88.6,,
768,Togo,2009,27.7087724129983,33.8736357861,0,2716081090.79098,1.58465881033499,21.9367443412,2.4,55.6,77.7,91.5,61.7,70.6,21.72245590289487,-Inf
768,Togo,2010,31.3329511476752,33.8663689874,0,2784991259.5891,0.631900628552472,21.9978090605,2.6,55.6,77.7,91.5,61.7,62.8,21.74751057193262,-Inf
768,Togo,2011,34.3625032592555,33.4828371146,0,3122463090.12678,1.07978709169443,22.1088290157,2.8,55.6,77.7,91.5,61.7,62.2,21.86188797927822,-Inf
768,Togo,2012,38.198573897336,34.062003601,0,2651740939.17223,1.70956539800962,22.9221651892,2.7,55.6,77.7,91.5,58.7,61.7,21.698482219420185,-Inf
768,Togo,2013,43.2571085462792,33.7013464863,0,3203205175.69296,1.71785984526906,23.3250169409,2.6,54.2,75.4,90.1,58.7,56.7,21.887417762872133,-Inf
768,Togo,2014,41.8159495140041,35.1498887296,,3537763832.38661,-0.0791667764351303,23.4886787589,2.6,54.2,75.4,90.1,58.7,62.8,21.986760678728086,
768,Togo,2015,45.2877177147716,35.1139119483,,3368286940.08068,3.47441922049082,23.0853364688,2.6,54.2,75.4,90.1,58.7,67.8,21.93767012568347,
768,Togo,2016,44.5537556558443,36.4807900992,,3515112618.3574,1.9095449558141,23.4576756032,2.7,54.2,75.4,90.1,55.1,71.2,21.98033740105778,
768,Togo,2017,47.9974430230514,36.1368848673,,3939458692.75419,0.859975153938407,25.140406398,2.8,49.2,73.2,90.1,55.1,71.3,22.09430916319187,
768,Togo,2018,48.2285474962884,37.4932117587,,,1.32842544443837,25.3976763962,2.9,49.2,73.2,90.1,55.1,67.2,,
768,Togo,2019,,37.6057117587,,,,26.0284710074,,49.2,73.2,90.1,55.1,69.4,,
768,Togo,2020,,,,,,,,,,,,63.2,,
776,Tonga,2009,43.1292597950573,,0,300749090.641555,-2.34233300438012,,3.6,,,,,56,19.521786889178763,-Inf
776,Tonga,2010,39.873735091904,,0,347995657.914094,3.6813766402374,,3.8,,,,,56.2,19.667700560402555,-Inf
776,Tonga,2011,29.4028018064516,,0,396983629.412234,5.79486459941067,,3.7,,,,,56.2,19.799405602063803,-Inf
776,Tonga,2012,26.5213704827629,,0,443924463.173743,2.39161018032996,,3.7,,,,,75.3,19.911164977936025,-Inf
776,Tonga,2013,28.0563846554262,,0,423043109.090522,0.745671769275361,,3.7,,,,,75.6,19.86298464456135,-Inf
776,Tonga,2014,29.2610351370416,,0,408835888.79138,0.865682935280958,,3.7,,,,,79.5,19.828824383585967,-Inf
776,Tonga,2015,33.5197589717528,,0,401595037.370926,1.40684674395513,,3.7,,,,,78.4,19.810954769121334,-Inf
776,Tonga,2016,34.1788849300169,,0,367900734.668426,1.69273794229939,,3.7,,,,,79.6,19.723323716997243,-Inf
776,Tonga,2017,32.280156522505,,0,396773245.83704,4.092263248666,,3.7,,,,,79.7,19.79887550629599,-Inf
776,Tonga,2018,31.6024458683638,,0,,3.58923824717299,,3.7,,,,,78.6,,-Inf
776,Tonga,2019,,,,,,,,,,,,73.6,,
776,Tonga,2020,,,,,,,,,,,,74,,
788,Tunisia,2009,56.5381890656865,54.1778062611,298,32681004126.137,3.03311211705064,44.0901824831,,3.3,15.1,41.2,23.1,53,24.210059832480162,5.697093486505405
788,Tunisia,2010,62.2112405638947,54.3775921054,351,33508294821.939,3.81541450512294,45.6785576881,,3.3,15.1,41.2,23.1,53.5,24.235058851753017,5.860786223465865
788,Tunisia,2011,71.3819496164187,55.3330784931,221,34293941777.0565,4.2793107016002,45.8484657535,,3.3,15.1,41.2,20.5,53.5,24.258234550942735,5.3981627015177525
788,Tunisia,2012,71.0848379547207,55.7553051447,248,33818612791.226,4.89636662210235,46.5396518843,,2,9.1,30.3,20.5,58.1,24.24427716216656,5.5134287461649825
788,Tunisia,2013,75.821902051328,56.5477504452,348,34563135826.5686,3.82251953534715,45.5155905798,,2,9.1,30.3,20.5,58.1,24.2660535124885,5.8522024797744745
788,Tunisia,2014,81.0998682297278,57.381446821,447,36328683151.5833,4.50841023498094,45.728436064,,2,9.1,30.3,20.5,61.8,24.315873435662784,6.102558594613569
788,Tunisia,2015,82.5291071758833,57.6350782716,297,33315158925.1575,3.49221698144689,45.9127402905,,2,9.1,30.3,20.5,61.2,24.229278353327967,5.6937321388027
788,Tunisia,2016,89.2485888108934,57.4723257927,317,32159216688.9426,4.70365523578032,45.7652330715,,2,9.1,30.3,15.2,62.2,24.19396492427344,5.75890177387728
788,Tunisia,2017,93.5224308390307,57.5109062674,279,30205415271.8709,5.35268311972939,46.5293078839,,0.3,3.2,18.3,15.2,63.8,24.131287058890575,5.631211781821365
788,Tunisia,2018,93.9038202604068,57.5438353964,251,,6.90751710956398,49.4898136472,,0.3,3.2,18.3,15.2,82.1,,5.5254529391317835
788,Tunisia,2019,,57.8356015615,,,,49.901088293,,0.3,3.2,18.3,15.2,71.4,,
788,Tunisia,2020,,,,,,,,,,,,66.4,,
800,Uganda,2009,10.1285821058224,34.6492418976,81,13966722834.7312,34.0214732538259,27.1295491187,3.3,56.4,80,92.5,31.1,75.2,23.359943396778107,4.394449154672439
800,Uganda,2010,14.5728445272814,34.727928489,91,15823094369.001,10.567231947233,27.7995379708,3.2,56.4,80,92.5,24.5,72.1,23.484736378705225,4.51085950651685
800,Uganda,2011,16.4890411490958,35.1656687025,104,15333492468.9895,4.63176666338572,28.4811724039,3.2,44.6,73,89.2,24.5,74.8,23.4533053231259,4.6443908991413725
800,Uganda,2012,14.1952396436337,35.9908293374,100,17005588381.4331,21.5211658739658,28.0347888704,3,44.6,73,89.2,24.5,73.6,23.556807855302907,4.605170185988092
800,Uganda,2013,14.6936082004188,36.2013903188,108,18009996545.9896,4.02502479117595,28.3344243491,3,44.6,73,89.2,19.7,73.6,23.614192804351337,4.68213122712422
800,Uganda,2014,17.1838799062375,36.0892425753,85,19988448487.4753,3.40469258360491,28.0707305301,3.1,35.9,67.4,87.1,19.7,75.4,23.718420368013113,4.442651256490317
800,Uganda,2015,18.0105342714778,36.1881051853,46,19427612484.4738,5.00445654172921,28.0068388169,3.1,35.9,67.4,87.1,19.7,76.6,23.68996121499224,3.828641396489095
800,Uganda,2016,18.015328284707,36.6548596348,65,16513878096.8425,3.63725521673794,28.6473290702,3,35.9,67.4,87.1,19.7,72.8,23.527466961107603,4.174387269895637
800,Uganda,2017,17.7285783293138,35.5004531682,42,17612788287.8862,6.27718209636031,29.3128025609,3,35.9,67.4,87.1,21.4,78.3,23.59189108240552,3.7376696182833684
800,Uganda,2018,17.8558352662538,35.5066630903,41,,3.19704026264078,30.4085678237,3.2,41.7,69.9,87.8,21.4,78.1,,3.713572066704308
800,Uganda,2019,,36.6422552555,,,,30.7222393283,,41.7,69.9,87.8,21.4,75.4,,
800,Uganda,2020,,,,,,,,,,,,75.4,,
818,Egypt,2009,75.1145461068893,48.3733397743,10257,164644139381.936,11.1855422663012,37.1690447626,,4.4,32.6,75.8,21.6,63.4,25.827052250734656,9.235715678307411
818,Egypt,2010,69.4220342404393,48.7643078184,12599,186889240402.455,10.1068646283367,37.6183166513,,3.9,30.7,75.3,21.6,74,25.953781981010575,9.44137272471063
818,Egypt,2011,74.610260015818,49.4769881651,15428,195313276410.435,11.6629763504481,37.860622833,,3.9,30.7,75.3,25.2,74,25.997870652090658,9.643939319328119
818,Egypt,2012,73.0565004563468,48.9476031919,17341,237384547493.862,19.4828774717687,38.2234351945,,3,26.6,72.5,25.2,74,26.192947226413192,9.760828918798548
818,Egypt,2013,81.2369211197243,50.6097847138,18796,245424341418.044,8.71267457372416,38.7530752913,,3,26.6,72.5,26.3,73.8,26.22625455508672,9.841399360222706
818,Egypt,2014,87.0557640588155,50.0169516595,,262830927933.652,11.2476245048913,39.988128535,,2.3,22.7,70.3,26.3,71.4,26.2947768028335,
818,Egypt,2015,95.2669883638934,50.9129151915,14068,300184861051.333,9.9308897287802,40.9904921954,,2.3,22.7,70.3,26.3,70,26.427664325331634,9.551657993593873
818,Egypt,2016,119.600128703763,50.8201516281,12561,303119238861.059,6.2456631359902,41.5254939384,,2.3,22.7,70.3,27.8,70.6,26.43739209263836,9.438352054687252
818,Egypt,2017,99.0479218380346,51.3614364341,9352,208956126325.018,22.9325542334096,44.7003546349,,1.3,16.1,61.9,27.8,70.2,26.065390144984672,9.143345503151904
818,Egypt,2018,91.8101657510936,50.658706346,8384,,21.4262259194396,47.1752496898,,1.3,16.1,61.9,27.8,70.9,,9.034080406560824
818,Egypt,2019,,51.0969558491,,,,47.382347489,,1.3,16.1,61.9,27.8,71.8,,
818,Egypt,2020,,,,,,,,,,,,70.2,,
834,Tanzania,2009,13.3349833327673,41.3961537614,,25546215805.1265,9.04166245473719,26.6588341044,3.5,59.9,83.6,94.8,34.4,75.6,23.96375503323845,
834,Tanzania,2010,15.2158685839144,41.397465089,,27862651879.4341,9.42871624976745,26.6589791256,3.3,59.9,83.6,94.8,34.4,70.5,24.050552986677516,
834,Tanzania,2011,16.847378011115,40.7025741455,,30049832463.5576,12.1984228786887,27.6102695743,3.3,59.9,83.6,94.8,34.4,69.6,24.126122922656098,
834,Tanzania,2012,17.7242457079516,40.7629189731,286,34868090459.9953,10.4838939985187,27.9393441305,3.3,59.9,83.6,94.8,28.2,73.5,24.274837934448097,5.655991810819852
834,Tanzania,2013,17.7414554553989,41.5799859644,206,40745963094.3938,9.66618357795828,27.565060179,3.4,49.1,79,93.1,28.2,73.5,24.430622606557755,5.327876168789581
834,Tanzania,2014,19.4470454659454,41.2064096714,1181,44899850291.8231,6.05084588935556,28.2070221869,3.4,49.1,79,93.1,28.2,76.8,24.527700297431224,7.074116816197362
834,Tanzania,2015,21.5946068196947,39.8280572787,1219,42094953551.9923,7.59136402332238,28.8641675402,3.3,49.1,79,93.1,28.2,67,24.46319370232629,7.105786129481271
834,Tanzania,2016,19.2787128440747,40.7672878032,1345,43982753238.6455,7.47203366759727,28.9350885727,3.4,49.1,79,93.1,28.2,73.2,24.50706342217466,7.20414929203594
834,Tanzania,2017,16.9727834323509,40.6634691678,1383,46730650377.0605,2.70373365033971,29.2695658118,3.4,49.1,79,93.1,28.2,76,24.567666111324797,7.232010331664759
834,Tanzania,2018,,38.0619063486,1444,,4.77746752534824,32.8428341605,3,49.1,79,93.1,28.2,76.9,,7.275172319452771
834,Tanzania,2019,,38.2006854873,,,,33.4335336641,,49.1,79,93.1,28.2,67.8,,
834,Tanzania,2020,,,,,,,,,,,,67.8,,
854,Burkina Faso,2009,16.5630620404634,17.7404378896,0,6975569639.66629,2.40547043493402,23.8108007664,3.7,57.3,80.3,93.1,51.1,70.4,22.66567983008849,-Inf
854,Burkina Faso,2010,18.3714623560978,18.1631990542,0,7094645014.97123,6.80610100069924,23.9649349298,3.7,57.3,80.3,93.1,46.7,71.3,22.682606113180746,-Inf
854,Burkina Faso,2011,18.6132941448879,18.0453621283,0,8056353888.77722,6.70594636267631,23.3802531749,3.7,55.3,81.5,94.2,46.7,76.2,22.809726919994812,-Inf
854,Burkina Faso,2012,20.4502175175875,21.2395716919,0,8572169852.84017,5.82397326927034,22.8478064145,3.7,55.3,81.5,94.2,46.7,72.5,22.871786729205127,-Inf
854,Burkina Faso,2013,25.9951206053467,21.530967526,0,9288433761.26476,-2.1291753150384,23.0906865078,3.7,55.3,81.5,94.2,46.7,72.5,22.952035781507426,-Inf
854,Burkina Faso,2014,30.7092284554233,25.4787216031,0,9504426806.37199,-0.620379059562865,22.974237181,3.5,55.3,81.5,94.2,46.7,67.8,22.975023506636223,-Inf
854,Burkina Faso,2015,33.1409599930718,26.2139730756,0,7625072202.41758,-3.07342979518701,23.7304047382,3.5,55.3,81.5,94.2,40.1,68.2,22.754707628564574,-Inf
854,Burkina Faso,2016,32.0258483602129,26.9720952984,0,7725863730.78763,-1.25973357925947,24.4312004223,3.5,43.7,76.4,92.3,40.1,68.2,22.767839463290667,-Inf
854,Burkina Faso,2017,34.0503529963235,26.6556337707,0,8770542310.98477,4.72734009520369,25.0283870148,3.4,43.7,76.4,92.3,40.1,69.2,22.894664478475086,-Inf
854,Burkina Faso,2018,34.7964701324474,26.4819548754,0,,2.36803043737928,24.8897906381,3.4,43.7,76.4,92.3,40.1,65.8,,-Inf
854,Burkina Faso,2019,,26.9904548754,,,,24.9639957778,,43.7,76.4,92.3,40.1,65.2,,
854,Burkina Faso,2020,,,,,,,,,,,,61.8,,
894,Zambia,2009,15.4832261799544,44.6033576632,118,11294725578.0073,5.55968566025587,28.1159182604,3.2,60.5,77.7,89.8,54.7,71.2,23.14760169068874,4.770684624465665
894,Zambia,2010,15.1092667092246,44.2104002447,131,13594177169.354,13.9509131934519,28.0798284302,3.1,60.5,77.7,89.8,54.7,79.9,23.332907388694125,4.875197323201151
894,Zambia,2011,14.7767664196909,45.7989757687,130,16141090377.9863,11.1150629082802,28.5163785614,3.1,60.5,77.7,89.8,54.7,82.4,23.504634055002363,4.867534450455582
894,Zambia,2012,15.0367732934744,46.2544111448,144,18885166941.4265,6.99063520712137,28.395076498,3.2,64.4,79.7,90.5,54.7,82.3,23.661642632967258,4.969813299576001
894,Zambia,2013,18.7695281835281,45.3295753497,119,20373093761.1116,9.72727247481532,27.460480927,3.2,64.4,79.7,90.5,54.7,82.3,23.737480933959684,4.77912349311153
894,Zambia,2014,19.1477058273265,45.099877662,139,20629582429.8299,5.43793295231751,26.821918038,3.2,64.4,79.7,90.5,54.7,84.6,23.74999192290518,4.9344739331306915
894,Zambia,2015,22.045810394283,43.8688434121,77,16079609959.354,6.66024531608625,26.2051807011,3.2,64.4,79.7,90.5,54.7,76.8,23.500817844143963,4.343805421853684
894,Zambia,2016,19.1298887761776,43.2517209233,61,15908313910.7272,13.5737651478968,26.5721433601,3.2,64.4,79.7,90.5,54.4,78.2,23.4901076969817,4.110873864173311
894,Zambia,2017,21.7569041426746,43.293915701,58,19034443570.1226,10.2033458317107,27.9779799581,3.2,57.5,74.3,87.2,54.4,78.3,23.66951599441889,4.060443010546419
894,Zambia,2018,22.2656127896928,43.1212823305,47,,9.32891627747429,28.9091685866,3.1,57.5,74.3,87.2,54.4,78.3,,3.8501476017100584
894,Zambia,2019,,42.8437547658,,,,28.8343485731,,57.5,74.3,87.2,54.4,72.6,,
894,Zambia,2020,,,,,,,,,,,,72.6,,
